"","date","time","post_id","title","description","total_clicks","other_clicks","photo_views","link_clicks","three_second_video_plays","comments","likes","shares","engagements","reach","impressions","hidden_unique_negative_comments","all_hidden_unique_negative_comments"
"1","02/07/2022","09:02",477989587183649,"","What goes in a soup, salad, or sandwich is a social construct. 

A roadmap to every discussion of this type.
""Is X a Y? (Despite falling outside of it by obvious convention.)""
""No, (I say this intuitively because it's against my unexpressed usage conventions)""
""But it follows some abstract rule that you might use to define that linguistic category! If you don't accept that rule, what rule do you accept?""
*Foolish sod tried to come up with some rule, falling for the idealist trap.*
""But there's a counterexample to that rule, or that rule would include such or such unconventional thing that doesn't fall into the category""
Continue ad nauseum.

The whole mess came from trying to define some platonic form of soups or whatever, when what goes in a soup, salad, or sandwich is a social construct. We just call things soups cuz that's what we call things like that.",84,68,16,NA,0,5,77,10,92,2395,2521,NA,NA
"2","02/07/2022","14:02",478117630504178,"Actualizaci√≥n de estado","",99,32,67,NA,0,0,36,6,42,1256,1322,NA,NA
"3","02/07/2022","19:02",478227480493193,"","OC
When your prayer has whack error bars",17,11,6,NA,0,2,24,0,26,901,936,NA,NA
"4","02/08/2022","10:02",478629433786331,"Meme Symposium","",103,70,33,NA,0,2,99,10,111,1789,1889,NA,NA
"5","02/08/2022","17:02",478782297104378,"Fotos de Philosopher Games","",56,34,22,NA,0,1,50,6,57,1098,1117,NA,NA
"6","02/09/2022","18:02",479382817044326,"Actualizaci√≥n de estado","Shilled for a copy with these in it. Worth it.",115,63,52,NA,0,0,37,10,47,1251,1325,NA,NA
"7","02/11/2022","11:02",480564756926132,"","OC",100,40,60,NA,0,1,42,6,49,1372,1445,NA,NA
"8","02/11/2022","13:02",480618890254052,"","",46,30,16,NA,0,0,60,8,68,1225,1289,NA,NA
"9","02/11/2022","17:02",480690693580205,"Animal Memeposting 2.0","",68,67,NA,1,342,3,38,0,41,963,1003,NA,NA
"10","02/12/2022","15:02",481318976850710,"Actualizaci√≥n de estado","",96,57,39,NA,0,4,33,10,47,1796,1870,NA,NA
"11","02/13/2022","10:02",481857076796900,"Actualizaci√≥n de estado","The industrial revolution and its consequences have been a disaster for the human race.",84,62,22,NA,0,1,43,7,51,1133,1189,NA,NA
"12","02/13/2022","15:02",482004540115487,"","OC",199,45,154,NA,0,1,52,6,59,2071,2167,NA,NA
"13","02/15/2022","07:02",483089210007020,"Actualizaci√≥n de estado","",37,21,16,NA,0,0,31,3,34,873,873,NA,NA
"14","02/15/2022","19:02",483359929979948,"","Not OC",60,42,18,NA,0,0,94,15,109,2246,2348,NA,NA
"15","02/15/2022","22:02",483424239973517,"Actualizaci√≥n de estado","",30,17,13,NA,0,0,14,4,18,1023,1061,NA,NA
"16","02/16/2022","08:02",483698589946082,"","NONTEMPORAL ENTITIES THE MOST TOXIC FANDOM CONFIRMED!
o.c.",170,128,42,NA,0,18,124,27,169,4399,4469,NA,1
"17","02/16/2022","18:02",483960283253246,"Actualizaci√≥n de estado","",142,48,94,NA,0,0,27,2,29,1586,1636,NA,NA
"18","02/16/2022","23:02",484073473241927,"Actualizaci√≥n de estado","",30,23,7,NA,0,0,23,4,27,1253,1277,NA,NA
"19","02/17/2022","11:02",484444206538187,"","Probably already been done",189,56,133,NA,0,2,52,7,61,1770,1821,NA,NA
"20","02/17/2022","19:02",484618739854067,"Actualizaci√≥n de estado","",273,204,69,NA,0,5,107,13,125,2193,2274,NA,NA
"21","02/17/2022","19:02",484631599852781,"","Biblically accurate Krebs
OC",10,7,3,NA,0,0,14,3,17,1081,1122,NA,NA
"22","02/17/2022","21:02",484669769848964,"Actualizaci√≥n de estado","",62,23,39,NA,0,1,22,5,28,1464,1538,NA,NA
"23","02/18/2022","10:02",485011236481484,"Actualizaci√≥n de estado","",47,34,13,NA,0,0,18,2,20,1392,1434,NA,NA
"24","02/18/2022","20:02",485221826460425,"","Pyruvate lil beitch 
OC",29,21,8,NA,0,1,35,5,41,1458,1543,NA,NA
"25","02/19/2022","12:02",485642539751687,"","",34,8,26,NA,0,0,53,1,54,1526,1547,NA,NA
"26","02/19/2022","20:02",485826379733303,"","""Bruh you're like 3 hours late bringing the acetyl group. What were you doing?
OC",6,1,5,NA,0,1,4,2,7,1122,1130,NA,NA
"27","02/20/2022","21:02",486438353005439,"","",4138,3265,873,NA,0,205,2306,339,2850,62620,65886,4,NA
"28","02/21/2022","14:02",486912782957996,"Actualizaci√≥n de estado","Dore is always so gud",13,11,2,NA,0,1,12,3,16,1119,1171,NA,NA
"29","02/21/2022","16:02",486969592952315,"Giant bear known as 'Hank the Tank' burglarizes another Lake Tahoe home; 40 break-ins since July","absolute unit",38,20,NA,18,0,2,40,3,45,1309,1401,NA,NA
"30","02/22/2022","04:02",487302769585664,"Actualizaci√≥n de estado","",147,81,66,NA,0,2,46,8,56,1964,2063,1,NA
"31","02/22/2022","19:02",487682696214338,"","",2327,1752,575,NA,0,139,690,145,974,16796,17400,1,NA
"32","02/23/2022","21:02",488320592817215,"","Guys WWIII just dropped!",12,3,9,NA,0,1,13,3,17,498,538,NA,NA
"33","02/23/2022","21:02",488325859483355,"Actualizaci√≥n de estado","",56,32,24,NA,0,0,53,3,56,1628,1737,NA,NA
"34","02/24/2022","07:02",488578592791415,"Actualizaci√≥n de estado","",39,28,11,NA,0,0,21,3,24,879,951,NA,NA
"35","02/24/2022","14:02",488781929437748,"Actualizaci√≥n de estado","",70,38,32,NA,0,4,27,2,33,1100,1172,NA,NA
"36","02/24/2022","16:02",488813276101280,"","Dang, there were other forms of power than money?",357,117,240,NA,0,4,33,5,42,2085,2251,NA,NA
"37","02/25/2022","23:02",489589152690359,"Actualizaci√≥n de estado","",609,314,295,NA,0,2,51,2,55,2006,2121,NA,NA
"38","02/26/2022","13:02",490035142645760,"Actualizaci√≥n de estado","",102,67,35,NA,0,0,43,9,52,1432,1504,NA,NA
"39","02/27/2022","16:02",490716542577620,"","oC",40,22,18,NA,0,0,43,8,51,1852,1933,NA,NA
"40","02/27/2022","18:02",490757342573540,"Wild Green Memes for Ecological Fiends","",46,10,36,NA,0,0,23,3,26,1673,1743,NA,NA
"41","02/27/2022","19:02",490783675904240,"Actualizaci√≥n de estado","We want justice",37,27,10,NA,0,6,39,5,50,1351,1461,NA,NA
"42","02/27/2022","20:02",490818562567418,"Actualizaci√≥n de estado","Someone has been plagiarizing me",129,66,63,NA,0,1,19,1,21,1840,1959,NA,NA
"43","02/28/2022","10:02",491251602524114,"Actualizaci√≥n de estado","",243,243,NA,NA,0,12,37,7,56,2009,2051,NA,NA
"44","02/28/2022","14:02",491333909182550,"","Blatantly stolen",79,52,27,NA,0,12,51,8,71,2246,2430,NA,NA
"45","02/28/2022","18:02",491434475839160,"Fotos de la biograf√≠a","Body with too many organs",39,32,7,NA,0,1,15,0,16,1028,1032,NA,NA
"46","02/28/2022","19:02",491457909170150,"Actualizaci√≥n de estado","",19,12,7,NA,0,0,29,2,31,1074,1101,NA,NA
"47","03/02/2022","14:03",492606642388610,"Actualizaci√≥n de estado","",178,124,54,NA,0,0,140,27,167,2282,2416,NA,NA
"48","03/02/2022","21:03",492770609038880,"Actualizaci√≥n de estado","",78,49,29,NA,0,0,38,5,43,1584,1605,NA,NA
"49","03/02/2022","21:03",492777095704898,"Actualizaci√≥n de estado","",99,56,43,NA,0,0,61,12,73,1556,1590,NA,NA
"50","03/02/2022","21:03",492783785704229,"Actualizaci√≥n de estado","",132,59,73,NA,0,3,98,12,113,1617,1662,NA,NA
"51","03/03/2022","12:03",493164362332838,"Actualizaci√≥n de estado","",53,43,10,NA,0,1,33,3,37,1126,1128,NA,NA
"52","03/03/2022","18:03",493296788986262,"Actualizaci√≥n de estado","",78,48,30,NA,0,1,52,11,64,1326,1389,NA,NA
"53","03/03/2022","20:03",493330588982882,"","OC",30,16,14,NA,0,2,30,2,34,1518,1571,NA,NA
"54","03/03/2022","21:03",493361678979773,"Actualizaci√≥n de estado","",16,11,5,NA,0,1,19,0,20,1238,1288,NA,NA
"55","03/04/2022","12:03",493762708939670,"Sigmund Freud's Dank Meme Stash 2: Daddy's Return","",28,16,12,NA,0,0,6,0,6,855,871,NA,NA
"56","03/04/2022","18:03",493889545593653,"","",131,95,36,NA,0,27,129,18,174,2875,3038,NA,NA
"57","03/04/2022","20:03",493966458919295,"Actualizaci√≥n de estado","",97,67,30,NA,0,0,78,9,87,1196,1224,NA,NA
"58","03/04/2022","22:03",494025058913435,"Actualizaci√≥n de estado","microplastique",73,37,36,NA,0,0,75,14,89,1815,1861,NA,NA
"59","03/05/2022","10:03",494331662216108,"Actualizaci√≥n de estado","",58,36,22,NA,0,0,28,1,29,1245,1287,NA,NA
"60","03/05/2022","11:03",494367035545904,"","Simulation theory is just neo-neo-platonism, change my mind",209,142,67,NA,0,13,130,22,165,3269,3402,NA,1
"61","03/05/2022","13:03",494415152207759,"Actualizaci√≥n de estado","",175,134,41,NA,0,1,72,9,82,1897,1937,NA,NA
"62","03/06/2022","01:03",494812532168021,"Actualizaci√≥n de estado","",77,44,33,NA,0,0,84,12,96,1915,1934,NA,NA
"63","03/06/2022","20:03",495284142120860,"","Stolen from somewhere",159,110,48,1,0,4,140,30,174,3428,3663,NA,NA
"64","03/06/2022","21:03",495306058785335,"Fotos de la biograf√≠a","Everyone who played this game chose to mercilessly drop this penguin off a cliff just to see if we could.",4,2,2,NA,0,0,14,1,15,1054,1091,NA,NA
"65","03/07/2022","13:03",495722628743678,"Fotos de la biograf√≠a","*Kermit voice* you should be a monster",13,6,7,NA,0,0,12,1,13,969,1019,NA,NA
"66","03/08/2022","19:03",496500275332580,"Actualizaci√≥n de estado","",182,91,91,NA,0,3,60,5,68,2079,2092,NA,NA
"67","03/08/2022","20:03",496525188663422,"Actualizaci√≥n de estado","",63,42,21,NA,0,0,57,8,65,1604,1635,NA,NA
"68","03/09/2022","17:03",497034631945811,"Actualizaci√≥n de estado","",94,74,20,NA,0,5,85,9,99,1803,1868,NA,NA
"69","03/10/2022","23:03",497771188538822,"Actualizaci√≥n de estado","",46,34,12,NA,0,1,47,6,54,1739,1769,NA,NA
"70","03/11/2022","13:03",498187898497151,"Actualizaci√≥n de estado","",33,24,9,NA,0,0,15,1,16,1305,1335,NA,NA
"71","03/12/2022","20:03",498946121754662,"Actualizaci√≥n de estado","",25,16,9,NA,0,0,28,4,32,1358,1393,NA,NA
"72","03/13/2022","13:03",499353181713956,"Actualizaci√≥n de estado","",64,26,38,NA,0,0,9,1,10,1001,1051,NA,NA
"73","03/13/2022","17:03",499447371704537,"Actualizaci√≥n de estado","New capeshit was aight",77,35,42,NA,0,2,16,4,22,1039,1063,NA,NA
"74","03/13/2022","17:03",499448415037766,"Austrian Economics Memes","",196,124,72,NA,0,0,81,9,90,2294,2297,NA,1
"75","03/13/2022","21:03",499538555028752,"Actualizaci√≥n de estado","",30,24,6,NA,0,2,19,2,23,1368,1411,NA,NA
"76","03/13/2022","23:03",499580565024551,"Wild Green Memes for Ecological Fiends","",64,38,26,NA,0,0,38,10,48,1935,1956,NA,NA
"77","03/14/2022","08:03",499829524999655,"Actualizaci√≥n de estado","",36,27,9,NA,0,0,39,5,44,1608,1638,NA,1
"78","03/14/2022","16:03",500015628314378,"Actualizaci√≥n de estado","",66,53,13,NA,0,6,78,6,90,2130,2156,NA,NA
"79","03/14/2022","19:03",500084638307477,"Actualizaci√≥n de estado","",97,55,42,NA,0,2,61,9,72,1833,1858,NA,NA
"80","03/14/2022","19:03",500093131639961,"Actualizaci√≥n de estado","",38,29,9,NA,0,0,31,5,36,1328,1330,NA,NA
"81","03/14/2022","22:03",500155011633773,"Actualizaci√≥n de estado","",320,130,189,1,0,0,30,2,32,2501,2550,NA,NA
"82","03/15/2022","10:03",500475474935060,"Actualizaci√≥n de estado","",153,65,88,NA,0,0,41,5,46,2216,2269,NA,NA
"83","03/15/2022","13:03",500557584926849,"","OC",586,172,414,NA,0,9,27,3,39,3630,3721,NA,NA
"84","03/17/2022","10:03",501752294807378,"Fotos de portada","",55,48,7,NA,0,3,28,8,39,1503,1583,NA,NA
"85","03/17/2022","13:03",501831068132834,"","True Story.",32,27,5,NA,0,4,21,0,25,1357,1443,NA,NA
"86","03/17/2022","18:03",501980954784512,"Actualizaci√≥n de estado","",55,35,20,NA,0,0,49,5,54,1177,1217,NA,NA
"87","03/17/2022","22:03",502114688104472,"Actualizaci√≥n de estado","Brothers, we can just start planting trees everywhere. They can't stop all of us.",27,27,NA,NA,202,0,18,0,18,726,753,NA,NA
"88","03/18/2022","11:03",502449941404280,"Actualizaci√≥n de estado","",311,166,145,NA,0,5,76,17,98,2719,2813,NA,NA
"89","03/19/2022","13:03",503168307999110,"Actualizaci√≥n de estado","I actually gave a Foucault finger-puppet to one of the other admins for Christmas this year",73,50,20,3,0,0,50,7,57,1860,1886,NA,NA
"90","03/19/2022","23:03",503411021308172,"Actualizaci√≥n de estado","",90,67,23,NA,0,1,26,3,30,1430,1488,NA,NA
"91","03/20/2022","07:03",503627407953200,"Actualizaci√≥n de estado","Possibly a repost",65,35,30,NA,0,0,52,7,59,1735,1776,NA,NA
"92","03/20/2022","10:03",503708107945130,"","Stolen shamelessly",160,105,55,NA,0,5,143,18,166,3201,3318,NA,NA
"93","03/20/2022","13:03",503769317939009,"Fotos de la biograf√≠a","",14,4,10,NA,0,1,18,0,19,636,662,NA,NA
"94","03/20/2022","16:03",503842801264994,"Actualizaci√≥n de estado","",280,174,106,NA,0,1,28,1,30,1303,1378,NA,NA
"95","03/20/2022","17:03",503853831263891,"","Feeling self-conscious at the gym",139,111,28,NA,0,9,111,18,138,2959,3038,NA,NA
"96","03/21/2022","16:03",504459471203327,"Wild Green Memes for Ecological Fiends","",24,13,11,NA,0,0,30,3,33,1044,1080,NA,NA
"97","03/21/2022","19:03",504516207864320,"","Oc",302,235,67,NA,0,20,204,29,253,5203,5278,NA,NA
"98","03/21/2022","22:03",504591511190123,"Wild Green Memes for Ecological Fiends","",17,12,5,NA,0,0,20,3,23,1121,1154,NA,NA
"99","03/22/2022","14:03",505006661148608,"Actualizaci√≥n de estado","",210,118,92,NA,0,0,80,8,88,1985,2042,NA,NA
"100","03/22/2022","14:03",505006787815262,"Actualizaci√≥n de estado","",78,46,32,NA,0,0,68,9,77,1341,1385,NA,NA
"101","03/23/2022","02:03",505283281120946,"Actualizaci√≥n de estado","",127,76,51,NA,0,2,52,15,69,1768,1780,NA,NA
"102","03/23/2022","12:03",505548401094434,"","Been listening to Zen Mind, Beginners mind in the gym. Suzuki Roshi talks about frogs for a good 15 minutes. It's good stuff.",103,76,27,NA,0,7,65,7,79,2594,2777,NA,NA
"103","03/23/2022","14:03",505589534423654,"Wild Green Memes for Ecological Fiends","zenfroggezenfrogge",31,23,8,NA,0,1,30,6,37,1442,1487,NA,NA
"104","03/24/2022","22:03",506496947666246,"Actualizaci√≥n de estado","",199,69,130,NA,0,0,48,11,59,1857,1901,NA,NA
"105","03/25/2022","05:03",506652847650656,"","",154,86,68,NA,0,13,72,10,95,4196,4293,NA,NA
"106","03/25/2022","09:03",506805517635389,"","not OC",155,66,89,NA,0,9,128,11,148,4003,4122,NA,NA
"107","03/25/2022","14:03",506943654288242,"Actualizaci√≥n de estado","",65,18,47,NA,0,0,25,4,29,1264,1310,NA,NA
"108","03/25/2022","20:03",507066114275996,"","OC
Remember kids everything is always France's fault...
Except when it's England's fault.
https://en.wikipedia.org/wiki/Saxon_Wars",581,15,527,39,0,3,39,6,48,2344,2384,NA,1
"109","03/26/2022","09:03",507445970904677,"Actualizaci√≥n de estado","",253,55,198,NA,0,2,146,21,169,2441,2520,NA,NA
"110","03/26/2022","19:03",507708410878433,"","I'm sure someone has done this before but
OC",63,22,40,1,0,0,27,3,30,1402,1427,NA,NA
"111","03/27/2022","13:03",508188210830453,"Actualizaci√≥n de estado","",36,21,15,NA,0,1,15,2,18,772,817,NA,NA
"112","03/27/2022","13:03",508202430829031,"Actualizaci√≥n de estado","",232,152,80,NA,0,2,70,6,78,2049,2095,NA,NA
"113","03/27/2022","17:03",508284357487505,"Actualizaci√≥n de estado","",112,73,39,NA,0,0,41,2,43,1554,1612,NA,NA
"114","03/28/2022","06:03",508579417457999,"","OC",96,37,59,NA,0,5,38,9,52,1639,1724,NA,NA
"115","03/28/2022","12:03",505550164427591,"","The other route- they lean into it and make a cult instead of retiring. 
O.C.",93,29,64,NA,0,2,39,4,45,1737,1824,NA,NA
"116","03/28/2022","13:03",508804817435459,"Actualizaci√≥n de estado","",102,38,64,NA,0,2,41,8,51,1476,1552,NA,NA
"117","03/28/2022","16:03",508854657430475,"Actualizaci√≥n de estado","",61,21,40,NA,0,0,41,7,48,1402,1465,NA,NA
"118","03/28/2022","17:03",508886334093974,"Actualizaci√≥n de estado","",69,21,48,NA,0,0,30,3,33,1110,1137,NA,NA
"119","03/28/2022","18:03",508894477426493,"Actualizaci√≥n de estado","",48,48,NA,NA,177,0,12,0,12,703,752,NA,NA
"120","03/28/2022","21:03",508972510752023,"","O.C. but the picture is from some random buff boi.",37,28,9,NA,0,1,37,4,42,1489,1567,NA,NA
"121","03/29/2022","05:03",509149024067705,"","I can't take fundies who aren't also militant enviromentalists seriously.
OC",191,158,33,NA,0,21,77,17,115,2738,2979,NA,NA
"122","03/29/2022","16:03",509461154036492,"Actualizaci√≥n de estado","",35,21,14,NA,0,0,23,2,25,1343,1407,NA,NA
"123","03/30/2022","08:03",509861393996468,"Actualizaci√≥n de estado","",35,21,14,NA,0,0,24,5,29,1073,1129,NA,NA
"124","03/30/2022","14:03",510072730642001,"","OC",1602,756,846,NA,0,24,211,32,267,15001,15372,NA,NA
"125","03/31/2022","05:03",510424543940153,"","OC",68,39,29,NA,0,1,68,6,75,2917,2987,NA,NA
"126","03/31/2022","10:03",510607753921832,"Actualizaci√≥n de estado","",304,226,78,NA,0,6,131,10,147,2925,2990,NA,NA
"127","03/31/2022","16:03",510548813927726,"","Submission from a Bro:
""It is perhaps true to say that, in Greece, mathematics were born from techniques of measurement.""
--Foucault",64,50,14,NA,0,1,26,2,29,1612,1703,NA,NA
"128","02/07/2022","04:02",477867757195832,"Actualizaci√≥n de estado","",10,4,6,NA,0,0,8,1,9,423,457,NA,NA
"129","01/01/2022","19:01",456054256043849,"Actualizaci√≥n de estado","",208,136,72,NA,0,2,125,14,141,2144,2207,NA,NA
"130","01/02/2022","09:01",456414942674447,"Asian Spiritual Shitposting (ASS)","",240,122,118,NA,0,0,41,5,46,1430,1455,NA,NA
"131","01/02/2022","09:01",456418002674141,"Actualizaci√≥n de estado","",99,97,NA,2,492,4,23,0,27,912,959,NA,NA
"132","01/02/2022","10:01",456447132671228,"","Post-Modernism? Nah man, I just post Physique.",96,96,NA,NA,0,10,95,9,114,2158,2257,NA,1
"133","01/02/2022","19:01",456640995985175,"Actualizaci√≥n de estado","",43,24,19,NA,0,0,61,10,71,1145,1185,NA,NA
"134","01/03/2022","00:01",456739135975361,"Actualizaci√≥n de estado","",291,122,169,NA,0,0,34,7,41,1554,1598,NA,NA
"135","01/04/2022","07:01",457511282564813,"Actualizaci√≥n de estado","",276,212,64,NA,0,4,57,11,72,1535,1588,NA,NA
"136","01/04/2022","21:01",457844239198184,"","Blatantly stolen",130,102,27,1,0,9,76,9,94,1855,1869,NA,NA
"137","01/05/2022","10:01",458186945830580,"Carl Jung's Dank Archetype Stash 2 Anima's return.","",163,114,36,13,0,1,81,12,94,1615,1690,NA,NA
"138","01/05/2022","22:01",458484772467464,"Actualizaci√≥n de estado","",112,67,45,NA,0,0,58,6,64,1384,1437,NA,NA
"139","01/05/2022","23:01",458499225799352,"Actualizaci√≥n de estado","",16,9,7,NA,0,0,19,2,21,917,924,NA,NA
"140","01/06/2022","10:01",458783089104299,"","From now on, gonna refer to cooking as ""Predigesting"" in order to focus on the nutritional aspect and educate folks about human evolution. üò§",20,20,NA,NA,0,3,24,0,27,967,988,NA,NA
"141","01/07/2022","10:01",458792209103387,"","O.C. 

Actually this is a subject of some debate, because although Freud had read Darwin and is known to have referred to him in some of his letters and writings, it's possible that he was really more compelled by what we'd refer to as ""Proto-Darwinist"" thought, including such concepts as phylogeny. I, Gymmin, feel compelled to admit my relative ignorance on the topic.

However, the harmony of the evolutionary and psychoanalytic views is the concept of the human mind as being a reaction to the environment which it developed in, including on the long term of the development of the human species.",193,81,112,NA,0,5,45,3,53,1495,1553,1,NA
"142","01/07/2022","15:01",459589055690369,"Fotos de la biograf√≠a","Reminder",30,18,12,NA,0,0,35,6,41,1090,1122,NA,NA
"143","01/07/2022","20:01",459684592347482,"","OC
Eukaryosis was a mistake.",49,28,21,NA,0,2,136,24,162,2178,2282,NA,NA
"144","01/07/2022","23:01",459769555672319,"Actualizaci√≥n de estado","",235,108,127,NA,0,1,44,3,48,1497,1547,NA,NA
"145","01/07/2022","23:01",459770145672260,"Adeptus Shitpostium","",96,58,38,NA,0,0,86,11,97,1586,1684,NA,1
"146","01/08/2022","09:01",460032558979352,"Actualizaci√≥n de estado","",93,43,50,NA,0,0,112,17,129,1426,1462,NA,NA
"147","01/08/2022","14:01",460149428967665,"","Autobiographical O.C.",188,67,121,NA,0,4,27,4,35,1828,1892,NA,NA
"148","01/08/2022","23:01",460357498946858,"","",37,26,11,NA,0,2,77,11,90,1768,1790,NA,NA
"149","01/09/2022","17:01",460802982235643,"Actualizaci√≥n de estado","",61,47,14,NA,0,2,43,3,48,1145,1195,NA,NA
"150","01/10/2022","19:01",461429222173019,"","OC",38,32,6,NA,0,4,25,1,30,1316,1370,NA,NA
"151","01/11/2022","11:01",461823875466887,"Fotos subidas con el m√≥vil","",19,8,8,3,0,0,6,1,7,508,540,NA,NA
"152","01/11/2022","22:01",462069782108963,"Actualizaci√≥n de estado","",138,101,37,NA,0,4,116,13,133,1825,1865,NA,NA
"153","01/12/2022","08:01",462329658749642,"","",9,2,7,NA,0,0,20,2,22,704,739,NA,NA
"154","01/12/2022","14:01",462466118735996,"Actualizaci√≥n de estado","Ngl The King in Yellow is better than like 95% of Lovecraft",17,12,5,NA,0,0,13,2,15,979,1021,NA,NA
"155","01/13/2022","12:01",463022852013656,"Actualizaci√≥n de estado","",98,67,28,3,0,1,44,4,49,711,725,NA,NA
"156","01/13/2022","12:01",463025112013430,"Actualizaci√≥n de estado","",15,7,8,NA,0,0,25,2,27,872,901,NA,NA
"157","01/13/2022","15:01",463100835339191,"Actualizaci√≥n de estado","Admin pic
Felt cute might delete later",18,13,5,NA,0,1,19,0,20,791,810,NA,NA
"158","01/13/2022","17:01",463140248668583,"Actualizaci√≥n de estado","",57,26,31,NA,0,1,23,2,26,697,728,NA,NA
"159","01/13/2022","22:01",463267398655868,"Meme Symposium","",113,73,40,NA,0,2,103,12,117,1578,1642,1,NA
"160","01/14/2022","21:01",463862851929656,"Actualizaci√≥n de estado","",146,105,41,NA,0,7,90,7,104,1684,1709,NA,NA
"161","01/15/2022","19:01",464417035207571,"Actualizaci√≥n de estado","",29,19,10,NA,0,0,26,2,28,635,666,NA,NA
"162","01/16/2022","07:01",464724558510152,"Actualizaci√≥n de estado","",285,144,141,NA,0,3,71,7,81,1666,1737,NA,NA
"163","01/16/2022","08:01",464756578506950,"Actualizaci√≥n de estado","",257,178,79,NA,0,6,68,5,79,1485,1544,NA,NA
"164","01/16/2022","19:01",465063451809596,"","Before y'all get mad, remember they're both Bri'ish and therefore equally subhuman
OC",17,16,1,NA,0,1,21,1,23,440,478,NA,NA
"165","01/17/2022","16:01",465602718422336,"","",192,150,42,NA,0,2,101,16,119,4120,4298,NA,NA
"166","01/17/2022","20:01",465691301746811,"Actualizaci√≥n de estado","",47,21,26,NA,0,0,18,1,19,876,922,NA,NA
"167","01/18/2022","08:01",466023235046951,"Actualizaci√≥n de estado","",85,47,38,NA,0,1,19,4,24,992,1030,NA,NA
"168","01/18/2022","18:01",466241728358435,"Actualizaci√≥n de estado","",32,24,8,NA,0,0,44,5,49,726,748,NA,NA
"169","01/18/2022","18:01",466243071691634,"Fotos de la biograf√≠a","",16,10,6,NA,0,1,13,1,15,607,654,NA,NA
"170","01/19/2022","07:01",466563624992912,"Actualizaci√≥n de estado","",170,60,110,NA,0,0,30,0,30,1086,1125,NA,NA
"171","01/19/2022","11:01",466684748314133,"Actualizaci√≥n de estado","",12,10,2,NA,0,0,13,0,13,823,860,NA,NA
"172","01/19/2022","21:01",466907581625183,"Fotos subidas con el m√≥vil","",76,42,34,NA,0,3,41,6,50,1242,1256,NA,NA
"173","01/19/2022","22:01",466929611622980,"Actualizaci√≥n de estado","I will keep posting Disco Elysium until the other admins play it",59,27,32,NA,0,0,16,5,21,857,881,NA,NA
"174","01/20/2022","10:01",467246471591294,"Political Compass Memes 9","",26,16,10,NA,0,0,16,2,18,692,748,NA,NA
"175","01/20/2022","10:01",467248228257785,"Actualizaci√≥n de estado","",32,8,24,NA,0,0,18,1,19,772,800,NA,NA
"176","01/20/2022","18:01",467432398239368,"Actualizaci√≥n de estado","",121,55,66,NA,0,0,55,5,60,1376,1447,NA,NA
"177","01/22/2022","09:01",468414591474482,"Actualizaci√≥n de estado","",108,70,38,NA,0,2,64,1,67,854,905,NA,NA
"178","01/22/2022","22:01",468714814777793,"Actualizaci√≥n de estado","",44,21,23,NA,0,0,26,0,26,972,1006,NA,NA
"179","01/23/2022","09:01",469019654747309,"Actualizaci√≥n de estado","",201,85,116,NA,0,2,41,4,47,1497,1557,NA,NA
"180","01/23/2022","12:01",469073438075264,"","",76,58,18,NA,0,4,80,5,89,1630,1648,NA,NA
"181","01/24/2022","07:01",469539641361977,"Asian Spiritual Shitposting (ASS)","",25,17,8,NA,0,1,9,0,10,679,711,NA,NA
"182","01/24/2022","08:01",469569618025646,"","Rise and Grind, Kings. Those hoe's aint gonna scare themselves. üò§üò§üí™",11,11,NA,NA,0,2,39,4,45,499,533,NA,NA
"183","01/24/2022","08:01",469575331358408,"Actualizaci√≥n de estado","",56,43,13,NA,0,2,37,4,43,1014,1054,NA,NA
"184","01/24/2022","19:01",469803671335574,"Actualizaci√≥n de estado","",115,83,32,NA,0,1,97,7,105,1468,1510,NA,NA
"185","01/24/2022","22:01",469887351327206,"Fotos de la biograf√≠a","",7,4,3,NA,0,0,26,2,28,613,652,NA,NA
"186","01/25/2022","11:01",470235657959042,"Actualizaci√≥n de estado","Bad fishe. No evolve. Only swimme.",70,34,36,NA,0,0,70,9,79,1303,1347,NA,NA
"187","01/26/2022","07:01",470730417909566,"Actualizaci√≥n de estado","",54,38,16,NA,0,2,34,3,39,907,933,NA,NA
"188","01/26/2022","20:01",471059917876616,"Actualizaci√≥n de estado","",392,168,224,NA,0,1,70,9,80,1823,1844,NA,NA
"189","01/26/2022","22:01",471121061203835,"Actualizaci√≥n de estado","A monument to all my sins",16,11,5,NA,0,0,19,0,19,869,906,NA,NA
"190","01/26/2022","23:01",471144721201469,"Actualizaci√≥n de estado","",81,53,28,NA,0,2,60,5,67,1452,1470,NA,NA
"191","01/27/2022","10:01",471433871172554,"Actualizaci√≥n de estado","Stoicism hours",136,60,76,NA,0,1,102,8,111,1641,1653,NA,NA
"192","01/27/2022","13:01",471501607832447,"Sigmund Freud's Dank Meme Stash 2: Daddy's Return","",253,171,82,NA,0,2,68,8,78,1830,1900,NA,NA
"193","01/27/2022","17:01",471589404490334,"Actualizaci√≥n de estado","",62,50,12,NA,0,1,43,6,50,972,1032,NA,NA
"194","01/28/2022","10:01",472027021113239,"Actualizaci√≥n de estado","",8,2,6,NA,0,0,3,0,3,766,800,NA,NA
"195","01/28/2022","12:01",472095424439732,"","",14,8,6,NA,0,4,24,3,31,740,782,NA,NA
"196","01/28/2022","17:01",472178061098135,"","Go ahead Deleuzians explain what I got wrong (seriously though)",159,128,31,NA,0,9,80,9,98,3624,3710,NA,NA
"197","01/28/2022","17:01",472182631097678,"Actualizaci√≥n de estado","",113,79,34,NA,0,0,35,4,39,1353,1423,NA,NA
"198","01/28/2022","19:01",472240644425210,"Actualizaci√≥n de estado","",58,43,15,NA,0,1,49,2,52,1305,1348,NA,NA
"199","01/29/2022","11:01",472615204387754,"Actualizaci√≥n de estado","",36,24,12,NA,0,0,26,2,28,956,1006,NA,NA
"200","01/30/2022","18:01",473406427641965,"","",88,70,18,NA,0,7,81,11,99,2096,2296,NA,NA
"201","01/30/2022","21:01",473475427635065,"Actualizaci√≥n de estado","",22,15,6,1,0,0,14,1,15,1115,1186,NA,NA
"202","01/31/2022","11:01",472132777769330,"","I will not elaborate on this O.C.",336,172,164,NA,0,8,132,41,181,4734,4987,NA,NA
"203","01/31/2022","17:01",473951280920813,"Actualizaci√≥n de estado","",140,59,81,NA,0,0,13,0,13,1251,1299,NA,NA
"204","02/01/2022","08:02",474321864217088,"","",61,51,10,NA,0,7,64,8,79,1545,1579,NA,NA
"205","02/01/2022","13:02",474459630869978,"Actualizaci√≥n de estado","",47,29,18,NA,0,3,27,5,35,1078,1138,NA,NA
"206","02/02/2022","07:02",474913677491240,"G.W.F. Hegel's Dialectic Depository for Spiritually Elevated Teens ü¶â","",86,59,27,NA,0,3,86,5,94,1554,1593,NA,NA
"207","02/02/2022","08:02",474944950821446,"","",161,66,95,NA,0,4,124,28,156,3284,3506,NA,NA
"208","02/02/2022","12:02",474417950874146,"","O.C.

 
 
Here's a bit of an explanation for those who have interest.
In ""Modern Man In Search of A Soul,"" Jung describes the confessional as a societal precursor of psychoanalysis. According to his view, confession is the first step in the psychoanalytic process - and a cause of great relief. He thinks that anything which we feel the need to keep secret from others becomes like an alienating sin to us. Confession undoes that alienation- it's the reestablishment of appropriate relationship. A person can feel accepted because they confess. 

Upon closer examination, confession plays an important roll in more than just the healing process of therapy- it's necessary to enter a romantic relationship, or to make amends with a person who has been offended. Confession also occurs on a larger social scale, celebrities feel compelled to confess to the public whenever the tides of public opinion turn against them. Confession also plays an interesting role in cult psychology and the psychology of reeducation and prison camps.

In all cases, the goal of confession is the establishment or reestablishment of a relationship, and the thereby alleviation of a sense of alienation.",166,51,115,NA,0,3,41,9,53,1630,1753,NA,NA
"209","02/02/2022","20:02",475225754126699,"","Do the worst two sitcoms have buddha-nature?",136,80,56,NA,0,0,20,0,20,1284,1344,NA,NA
"210","02/03/2022","08:02",475523087430299,"Actualizaci√≥n de estado","",58,28,30,NA,0,1,35,7,43,1240,1283,NA,NA
"211","02/03/2022","11:02",475278967454711,"","No mom, I'm not a hypochondriac- it's called being a Sickma Male",15,15,NA,NA,0,0,22,2,24,776,864,NA,NA
"212","02/03/2022","13:02",475664730749468,"Actualizaci√≥n de estado","XKCD becoming a schizo page? Finally.",131,50,81,NA,0,0,44,4,48,1424,1465,NA,NA
"213","02/03/2022","23:02",475906097391998,"Actualizaci√≥n de estado","",50,27,23,NA,0,2,47,2,51,1088,1132,NA,NA
"214","02/04/2022","09:02",476164470699494,"Actualizaci√≥n de estado","",11,6,5,NA,0,0,29,3,32,657,685,NA,NA
"215","02/04/2022","19:02",476397307342877,"Actualizaci√≥n de estado","",52,29,23,NA,0,0,21,2,23,1154,1210,NA,NA
"216","02/04/2022","19:02",476411364008138,"","OC",89,68,21,NA,0,2,69,5,76,1560,1641,NA,NA
"217","02/04/2022","23:02",476491954000079,"Actualizaci√≥n de estado","I love this painting. Used to be my wallpaper for a while. It's like a reverse Ozymandias.",51,20,31,NA,0,0,18,1,19,992,1017,NA,NA
"218","02/04/2022","23:02",476500757332532,"Actualizaci√≥n de estado","",45,17,27,1,0,0,38,7,45,1056,1078,NA,NA
"219","02/05/2022","10:02",476820860633855,"There is no reason to be alive if you can't do deadlift.","Get on the sigmarsson grindset",40,4,NA,36,0,0,19,0,19,743,766,NA,NA
"220","02/05/2022","19:02",477066337275974,"","OC",36,26,10,NA,0,6,66,8,80,1593,1655,NA,NA
"221","02/06/2022","16:02",477571503892124,"Actualizaci√≥n de estado","",25,9,16,NA,0,0,11,1,12,398,434,NA,NA
"222","02/06/2022","16:02",477585393890735,"Actualizaci√≥n de estado","",72,52,20,NA,0,0,51,4,55,1279,1334,NA,NA
"223","02/06/2022","19:02",477632143886060,"","OC",477,359,118,NA,0,19,603,85,707,12777,13410,NA,1
"224","02/06/2022","19:02",477636943885580,"Actualizaci√≥n de estado","",82,61,21,NA,0,2,35,5,42,1335,1415,NA,NA
"225","02/06/2022","23:02",477742807208327,"Actualizaci√≥n de estado","",11,3,8,NA,0,0,23,2,25,766,793,NA,NA
"226","01/01/2022","13:01",455934966055778,"","OC. Source: The first essay in ""Other Minds,"" by John Wisdom

Why is analytic philosophy like this?",70,29,41,NA,0,1,15,3,19,1005,1046,NA,NA
"227","04/19/2022","17:04",522579752724632,"Actualizaci√≥n de estado","",176,51,125,NA,0,0,30,1,31,1282,1361,NA,NA
"228","04/21/2022","08:04",523579602624647,"Actualizaci√≥n de estado","",210,52,158,NA,0,1,22,3,26,1623,1684,NA,NA
"229","04/21/2022","14:04",523744092608198,"","",84,77,7,NA,0,3,42,7,52,1288,1304,NA,NA
"230","04/22/2022","17:04",524470095868931,"Actualizaci√≥n de estado","",153,117,36,NA,0,2,62,7,71,1887,1929,NA,NA
"231","04/22/2022","22:04",524605615855379,"Actualizaci√≥n de estado","I'm a 6",516,317,199,NA,0,9,28,2,39,2784,2894,NA,NA
"232","04/23/2022","13:04",525004065815534,"Actualizaci√≥n de estado","",120,103,17,NA,0,1,58,3,62,1935,2009,NA,NA
"233","04/24/2022","02:04",525314392451168,"Fotos de la biograf√≠a","",35,16,19,NA,0,0,14,3,17,1168,1234,NA,NA
"234","04/24/2022","20:04",525774752405132,"Actualizaci√≥n de estado","",244,143,101,NA,0,9,61,15,85,1860,2050,NA,NA
"235","04/25/2022","18:04",526326235683317,"Actualizaci√≥n de estado","",315,249,66,NA,0,4,149,17,170,2719,2835,NA,NA
"236","04/26/2022","11:04",526791188970155,"Actualizaci√≥n de estado","Timely repost",7,4,3,NA,0,0,19,3,22,1129,1205,NA,NA
"237","04/26/2022","17:04",526912262291381,"","""A wonderful musical experience simulating the imaginative life of an NPC from Disney Studios.""",8,NA,8,NA,0,1,7,2,10,810,887,NA,NA
"238","04/26/2022","18:04",526935508955723,"Actualizaci√≥n de estado","",225,142,83,NA,0,3,107,32,142,2776,2861,NA,NA
"239","04/27/2022","23:04",527760525539888,"Actualizaci√≥n de estado","",115,103,12,NA,0,8,56,5,69,1763,1884,NA,NA
"240","04/30/2022","09:04",529448822037725,"","",181,125,56,NA,0,4,156,19,179,3941,4054,NA,NA
"241","04/30/2022","15:04",529578808691393,"Actualizaci√≥n de estado","",69,49,20,NA,0,1,28,1,30,1416,1487,NA,NA
"242","05/01/2022","01:05",529844375331503,"Wild Green Memes for Ecological Fiends","bugge",76,51,25,NA,0,3,34,2,39,1666,1727,NA,NA
"243","05/02/2022","05:05",530562885259652,"","Easter? I hardly even know 'er!
OC",14,9,5,NA,0,0,13,2,15,931,1001,NA,NA
"244","05/02/2022","08:05",530671531915454,"Actualizaci√≥n de estado","",237,174,63,NA,0,1,77,13,91,2460,2562,NA,NA
"245","05/02/2022","15:05",530858135230127,"Actualizaci√≥n de estado","",101,75,26,NA,0,0,20,2,22,823,895,NA,NA
"246","05/03/2022","11:05",531481551834452,"Asian Spiritual Shitposting (ASS)","",148,90,58,NA,0,1,52,15,68,2228,2345,NA,NA
"247","05/03/2022","23:05",531817628467511,"Actualizaci√≥n de estado","",147,115,32,NA,0,4,109,19,132,2418,2557,NA,NA
"248","05/08/2022","15:05",534978594818081,"Actualizaci√≥n de estado","",73,50,23,NA,0,0,26,6,32,1520,1628,NA,NA
"249","05/08/2022","17:05",535023318146942,"Actualizaci√≥n de estado","",142,109,33,NA,0,1,26,2,29,1961,2045,NA,NA
"250","05/10/2022","08:05",536178118031462,"Actualizaci√≥n de estado","",164,92,72,NA,0,1,99,13,113,2379,2479,NA,NA
"251","05/10/2022","14:05",536362948012979,"","OC.",8,2,6,NA,0,0,22,3,25,1018,1073,NA,NA
"252","05/11/2022","07:05",536841621298445,"Actualizaci√≥n de estado","",150,150,NA,NA,544,0,34,0,34,1312,1324,NA,NA
"253","05/11/2022","16:05",537100864605854,"","Long meme.",358,134,224,NA,0,2,94,7,103,3996,4286,NA,NA
"254","05/12/2022","09:05",537576551224952,"Actualizaci√≥n de estado","",604,337,267,NA,0,0,118,11,129,3032,3079,NA,NA
"255","05/12/2022","09:05",537579094558031,"","Shamelessly stolen",58,33,25,NA,0,2,77,15,94,2149,2254,NA,NA
"256","05/12/2022","21:05",537887141193893,"Actualizaci√≥n de estado","",128,94,30,4,0,2,40,6,48,1634,1702,NA,NA
"257","05/12/2022","22:05",537916784524262,"","OC",306,193,113,NA,0,8,209,40,257,6829,7243,1,NA
"258","05/13/2022","07:05",538167291165878,"","OC",52,38,14,NA,0,2,32,7,41,1028,1093,NA,NA
"259","05/13/2022","18:05",538459994469941,"Actualizaci√≥n de estado","",282,229,53,NA,0,2,84,10,96,2577,2642,NA,NA
"260","05/13/2022","21:05",538553461127261,"Actualizaci√≥n de estado","",586,200,386,NA,0,8,114,9,131,3365,3490,NA,NA
"261","05/14/2022","08:05",538845314431409,"","This book got hands tbh",991,655,336,NA,0,14,460,112,586,29827,30750,NA,NA
"262","05/15/2022","15:05",539771831005424,"","",376,237,139,NA,0,12,134,19,165,3560,3626,NA,NA
"263","05/15/2022","22:05",539968640985743,"Tension Grows Between Guy in Drive Jacket and Guy in Akira Jacket at Local Party","",59,26,NA,33,0,2,48,4,54,1341,1391,NA,NA
"264","05/17/2022","07:05",540901034225837,"Actualizaci√≥n de estado","",189,133,56,NA,0,2,102,12,116,2470,2548,NA,NA
"265","05/17/2022","08:05",540935110889096,"Actualizaci√≥n de estado","",77,42,35,NA,0,0,18,3,21,1145,1195,NA,NA
"266","05/17/2022","17:05",541176767531597,"Actualizaci√≥n de estado","This post has caused a certain someone to spin in his grave",93,74,19,NA,0,2,14,0,16,1533,1616,NA,NA
"267","05/17/2022","21:05",541286344187306,"Sigmund Freud's Dank Meme Stash 2: Daddy's Return","",26,18,8,NA,0,0,3,0,3,759,805,NA,NA
"268","05/18/2022","13:05",541746390807968,"","ATTENTION ‚òùÔ∏èGYMüèãÔ∏è‚Äç‚ôÇÔ∏è LADIES‚ôÄÔ∏è: IMPORTANT‚úî SERVICE üö©ANNOUNCEMENT!‚¨áÔ∏è 

IF you see a buffüí™ MAN‚ôÇÔ∏è in the GYMüèØ lifting WEIGHTSüèãÔ∏è‚Äç‚ôÇÔ∏è and he SMILES üòäin your DIRECTION‚è≠

IT DOES NOTüö´‚ùå‚úñ‚ùé meanü§î that he is interestedüòç in YOUüë∞

HEüë®‚Äçüíº is PROBABLY ‚úîjust thinking about his FOUCAULTüèõ x NIETZCHüë® TIME Travelüï¢ Fan-Fictionüë¨

(Foucault goes back in time and teaches nietzche the true meaning of love and truth and power relations and nietzche doesn't get syphilis and becomes a stoner who likes MCR instead)",126,126,NA,NA,0,13,119,12,144,3666,3793,NA,NA
"269","05/18/2022","17:05",541818387467435,"Actualizaci√≥n de estado","",89,89,NA,NA,0,0,24,3,27,1358,1408,NA,NA
"270","05/18/2022","20:05",541911817458092,"Actualizaci√≥n de estado","",90,62,28,NA,0,2,43,9,54,1474,1512,NA,NA
"271","05/19/2022","11:05",542350880747519,"Actualizaci√≥n de estado","",216,170,46,NA,0,2,100,14,116,1813,1961,NA,NA
"272","05/19/2022","21:05",542592980723309,"Wild Green Memes for Ecological Fiends","",69,50,19,NA,0,2,35,3,40,1569,1642,NA,NA
"273","05/20/2022","06:05",542903427358931,"Actualizaci√≥n de estado","",83,42,41,NA,0,0,62,13,75,2055,2127,NA,NA
"274","05/20/2022","11:05",543047140677893,"Actualizaci√≥n de estado","Medieval philosophy is the friends you make along the way (while cosplaying with foam swords or whatever it is you people do)",217,69,148,NA,0,0,30,6,36,2222,2316,NA,NA
"275","05/20/2022","11:05",543050534010887,"","Low hanging fruit semi autobiographical O.C.",34,22,12,NA,0,3,20,4,27,1312,1451,NA,NA
"276","05/21/2022","22:05",544017177247556,"Paleontology CoprolitePosting: The TriassZucc Period","",82,47,35,NA,0,1,74,16,91,1951,2058,NA,NA
"277","05/22/2022","08:05",544310717218202,"Actualizaci√≥n de estado","",125,108,17,NA,0,3,52,7,62,2074,2186,NA,NA
"278","05/22/2022","14:05",544473497201924,"","S(oc)iety",50,22,28,NA,0,0,29,5,34,1480,1567,NA,NA
"279","05/22/2022","17:05",544532237196050,"Actualizaci√≥n de estado","",77,36,41,NA,0,0,21,5,26,1763,1865,NA,NA
"280","05/23/2022","15:05",545139660468641,"Actualizaci√≥n de estado","",51,24,27,NA,0,0,15,4,19,940,990,NA,NA
"281","05/24/2022","09:05",545596390422968,"","",599,491,108,NA,0,27,343,38,408,12004,12004,NA,NA
"282","05/24/2022","15:05",545753110407296,"Actualizaci√≥n de estado","",157,104,53,NA,0,1,63,8,72,2082,2169,NA,NA
"283","05/25/2022","13:05",546363003679640,"","They're just questions, Leon.",14,6,8,NA,0,0,11,2,13,1049,1096,NA,NA
"284","05/25/2022","21:05",546549536994320,"","This page has only one joke, which is the self-embodiment of physical perfection through psychological suffering.",62,62,NA,NA,0,6,43,0,49,1537,1590,NA,NA
"285","05/26/2022","08:05",546891006960173,"Actualizaci√≥n de estado","",172,94,78,NA,0,0,47,13,60,2161,2213,NA,NA
"286","05/26/2022","09:05",546917710290836,"","Madness and Civilization meme",116,87,29,NA,0,6,79,9,94,2193,2318,NA,NA
"287","05/26/2022","17:05",547139053602035,"Actualizaci√≥n de estado","",98,75,23,NA,0,1,52,8,61,1355,1442,NA,NA
"288","05/27/2022","11:05",547650206884253,"Actualizaci√≥n de estado","""We saw you from across the bar and really hate your vibe. Can you please stop ASSAULTING everyone with your dark energy?""",98,85,13,NA,0,2,35,6,43,1518,1582,NA,NA
"289","05/27/2022","14:05",547704956878778,"Actualizaci√≥n de estado","",191,156,35,NA,0,5,94,4,103,2577,2659,NA,NA
"290","05/29/2022","09:05",548941866755087,"Actualizaci√≥n de estado","",231,148,83,NA,0,1,79,14,94,2379,2508,1,NA
"291","05/29/2022","11:05",549010676748206,"Fotos de la biograf√≠a","",80,55,25,NA,0,0,41,8,49,1791,1933,NA,NA
"292","05/30/2022","09:05",549618376687436,"Actualizaci√≥n de estado","",123,123,NA,NA,481,0,33,0,33,1185,1248,NA,NA
"293","05/30/2022","12:05",549707316678542,"","Toxic in the sense that trying to read it will give you a serious headache. 

O.C, but probably has been done before.",853,606,247,NA,0,38,752,92,882,33649,33649,NA,NA
"294","05/30/2022","14:05",549765923339348,"","I will accept you as a Brother regardless.",85,65,20,NA,0,11,40,3,54,1959,2052,NA,NA
"295","05/31/2022","19:05",550537613262179,"","Sorry for all the Foucault posting lmao",211,134,77,NA,0,0,124,11,135,3961,4150,NA,NA
"296","05/31/2022","23:05",550626773253263,"Actualizaci√≥n de estado","",234,161,70,3,0,2,27,6,35,2196,2347,NA,NA
"297","06/01/2022","13:06",551037449878862,"Meme Symposium","",193,131,62,NA,0,3,76,13,92,2141,2295,NA,NA
"298","06/02/2022","07:06",551495253166415,"Actualizaci√≥n de estado","",221,167,54,NA,0,2,70,15,87,2332,2500,NA,NA
"299","06/02/2022","18:06",551835836465690,"","",120,94,26,NA,0,8,82,12,102,2609,2737,NA,NA
"300","06/03/2022","10:06",552286739753933,"Actualizaci√≥n de estado","",283,208,72,3,0,3,183,26,212,3150,3353,NA,NA
"301","06/03/2022","11:06",552310763084864,"","Poor Execution O.C.
 ""The Vinegar Tasters"" but with Donald Duck, Mickey Mouse, and Goofy. Somebody should make a better version of this who can actually draw.

The vinegar tasters shows buddha, laozi, and confucius tasting from a pot of vinegar. 
Laozi sees it as sweet, the way daoists see the world as already perfect.
Buddha sees it as bitter, the way buddhists see life as full of suffering,
Confucius sees it as sour, the way they think humans are corrupt and need to be managed through social institutions and traditions.",8,5,3,NA,0,0,8,0,8,1028,1097,NA,NA
"302","06/04/2022","06:06",552776366371637,"","OC",551,496,55,NA,0,50,129,21,200,4560,4949,NA,NA
"303","06/04/2022","15:06",553070649675542,"Actualizaci√≥n de estado","",106,72,34,NA,0,2,59,9,70,2006,2131,NA,NA
"304","06/04/2022","22:06",553256562990284,"Actualizaci√≥n de estado","",78,52,26,NA,0,1,82,12,95,1670,1762,NA,NA
"305","06/04/2022","22:06",553258269656780,"Actualizaci√≥n de estado","",187,138,49,NA,0,2,126,18,146,2228,2437,NA,1
"306","06/05/2022","09:06",553568579625749,"Actualizaci√≥n de estado","",361,214,147,NA,0,2,85,13,100,2875,3071,NA,NA
"307","06/05/2022","12:06",553643832951557,"","Honestly this question has been the source of all the dialectical tension in my life lately",159,124,35,NA,0,7,84,11,102,1905,2126,NA,NA
"308","06/06/2022","07:06",554157356233538,"Fotos de la biograf√≠a","",185,148,37,NA,0,8,82,19,109,2434,2616,NA,NA
"309","06/06/2022","08:06",554188806230393,"Actualizaci√≥n de estado","",105,85,20,NA,0,2,35,5,42,1842,2002,NA,1
"310","06/07/2022","18:06",555071949475412,"Actualizaci√≥n de estado","",99,62,37,NA,0,0,41,8,49,1845,1985,NA,NA
"311","06/07/2022","19:06",555117569470850,"","",37,25,12,NA,0,2,32,8,42,1284,1420,NA,NA
"312","06/08/2022","12:06",555568112759129,"","Stolen",228,171,57,NA,0,13,96,14,123,3032,3253,NA,NA
"313","06/09/2022","00:06",555871959395411,"Actualizaci√≥n de estado","",28,22,6,NA,0,0,20,2,22,1225,1303,NA,NA
"314","06/09/2022","10:06",556138816035392,"","Cookie Clicker is basically about Jouissance.",0,NA,NA,NA,0,0,5,0,5,672,719,NA,NA
"315","06/10/2022","15:06",556911055958168,"Actualizaci√≥n de estado","",130,72,58,NA,0,0,30,7,37,1169,1264,NA,NA
"316","06/10/2022","23:06",557110539271553,"","In case you haven't seen DUNE by now, this is basically it, you don't need to see it now.
O.C.",14,9,5,NA,0,0,23,2,25,987,1112,NA,NA
"317","06/11/2022","04:06",557247985924475,"Actualizaci√≥n de estado","",108,86,22,NA,0,3,85,11,99,2093,2198,NA,NA
"318","06/12/2022","13:06",558139299168677,"","Myth(O)poeti(C) homies where you at",69,60,9,NA,0,4,62,12,78,1388,1511,1,NA
"319","06/13/2022","07:06",558623022453638,"Meme Symposium","",620,374,246,NA,0,11,216,44,271,3488,3668,NA,NA
"320","06/13/2022","08:06",558676265781647,"Actualizaci√≥n de estado","No-context spoiler for Cronenberg's new movie",96,96,NA,NA,396,1,29,0,30,884,947,NA,NA
"321","06/13/2022","19:06",558925652423375,"Actualizaci√≥n de estado","",86,66,20,NA,0,0,36,2,38,1659,1709,NA,NA
"322","06/14/2022","07:06",559289559053651,"Actualizaci√≥n de estado","",191,109,82,NA,0,1,41,9,51,1897,2006,NA,NA
"323","06/14/2022","17:06",559553709027236,"Fotos de la biograf√≠a","",33,23,10,NA,0,0,9,2,11,951,994,NA,NA
"324","06/16/2022","07:06",560533762262564,"","The memes make themselves these days",194,123,71,NA,0,14,195,37,246,4165,4408,NA,NA
"325","06/16/2022","18:06",560808695568404,"Actualizaci√≥n de estado","",237,106,131,NA,0,4,83,17,104,2573,2700,NA,NA
"326","06/16/2022","18:06",560822015567072,"","Dang really looking forward to this.",375,316,59,NA,0,9,141,10,160,8014,8301,NA,NA
"327","06/17/2022","10:06",561261865523087,"Actualizaci√≥n de estado","",86,51,35,NA,0,4,21,2,27,1615,1697,NA,NA
"328","06/17/2022","13:06",561337458848861,"","Red book OC",679,558,121,NA,0,39,373,49,461,10146,10481,NA,NA
"329","06/17/2022","14:06",561377685511505,"","The secret to getting gains is living in harmony with the Wu Whey",9,9,NA,NA,0,0,27,6,33,1105,1162,NA,NA
"330","06/18/2022","00:06",561616235487650,"Asian Spiritual Shitposting (ASS)","",84,54,30,NA,0,2,29,3,34,1440,1501,NA,NA
"331","06/18/2022","16:06",562089472106993,"","OC",16,9,7,NA,0,0,11,1,12,1562,1575,NA,NA
"332","06/19/2022","19:06",562843855364888,"","",88,36,52,NA,0,5,96,20,121,2144,2219,NA,NA
"333","06/19/2022","19:06",562845172031423,"Actualizaci√≥n de estado","",273,227,46,NA,0,2,115,23,140,2815,3009,NA,NA
"334","06/20/2022","17:06",563422305307043,"Actualizaci√≥n de estado","",25,19,6,NA,0,0,10,1,11,1157,1220,NA,NA
"335","06/20/2022","21:06",563534548629152,"","Goodnight Bros, and don't forget that sleep is important to build muscles and also have dreams.",148,125,23,NA,0,10,103,12,125,2093,2283,NA,NA
"336","06/21/2022","07:06",563786655270608,"Actualizaci√≥n de estado","",33,24,9,NA,0,0,17,2,19,1326,1391,NA,NA
"337","06/23/2022","08:06",565209261795014,"Actualizaci√≥n de estado","Us",70,42,28,NA,0,0,28,2,30,1520,1615,NA,NA
"338","06/23/2022","10:06",565350978447509,"Actualizaci√≥n de estado","",251,183,68,NA,0,5,126,25,156,2880,3035,NA,NA
"339","06/24/2022","23:06",566337361682204,"Actualizaci√≥n de estado","",158,158,NA,NA,665,0,27,0,27,1211,1288,NA,NA
"340","06/25/2022","09:06",566601121655828,"Math Rock Memes","",102,76,26,NA,0,3,64,8,75,1985,2153,NA,NA
"341","06/25/2022","16:06",566804361635504,"schizophrenic order of the piss dawn","",96,96,NA,NA,0,1,35,0,36,1019,1106,NA,NA
"342","06/26/2022","14:06",567413901574550,"Actualizaci√≥n de estado","",23,13,10,NA,0,1,10,0,11,1054,1131,NA,NA
"343","06/26/2022","14:06",567415688241038,"Actualizaci√≥n de estado","Gotta love The Incal",92,47,45,NA,0,1,15,2,18,1688,1775,NA,NA
"344","06/26/2022","21:06",567576741558266,"Actualizaci√≥n de estado","",68,44,24,NA,0,0,19,5,24,1422,1506,NA,NA
"345","06/26/2022","21:06",567578798224727,"Actualizaci√≥n de estado","",23,16,7,NA,0,0,12,3,15,441,477,NA,NA
"346","06/27/2022","07:06",567852991530641,"Actualizaci√≥n de estado","",186,131,55,NA,0,1,79,7,87,2041,2129,NA,1
"347","06/27/2022","13:06",568031051512835,"","You can't feel cognitive dissonance if you don't cognate. 
#Gymspiration",13,13,NA,NA,0,0,44,4,48,1234,1289,NA,NA
"348","06/28/2022","13:06",568897574759516,"schizophrenic order of the piss dawn","Psycho-analyst moment",141,100,41,NA,0,2,85,8,95,1855,1942,NA,NA
"349","06/28/2022","15:06",568946251421315,"","OC",63,29,34,NA,0,0,25,5,30,2196,2370,NA,NA
"350","06/29/2022","18:06",569689534680320,"Actualizaci√≥n de estado","All must serve the cycle",78,63,15,NA,0,1,36,4,41,1339,1392,NA,NA
"351","06/29/2022","18:06",569694158013191,"Fotos de la biograf√≠a","",83,61,22,NA,0,1,27,4,32,724,772,NA,NA
"352","06/29/2022","18:06",569696934679580,"Actualizaci√≥n de estado","",43,15,28,NA,0,0,0,1,1,632,690,NA,NA
"353","06/30/2022","09:06",570164391299501,"Actualizaci√≥n de estado","",255,191,64,NA,0,6,116,14,136,3010,3032,NA,2
"354","04/18/2022","20:04",522038942778713,"Wild Green Memes for Ecological Fiends","",19,15,4,NA,0,2,10,2,14,1028,1078,NA,NA
"355","04/03/2022","14:04",512583710390903,"Actualizaci√≥n de estado","",72,35,34,3,0,0,41,8,49,1378,1400,NA,NA
"356","04/03/2022","19:04",512682153714392,"","",93,74,18,1,0,8,99,13,120,2776,2832,NA,NA
"357","04/04/2022","14:04",513174393665168,"Wild Green Memes for Ecological Fiends","",157,102,55,NA,0,2,79,6,87,2135,2193,NA,NA
"358","04/04/2022","21:04",505771251072149,"","An O.K. for you
Original Koan.",213,45,168,NA,0,0,33,1,34,1758,1859,NA,NA
"359","04/04/2022","23:04",513369413645666,"Fotos de la biograf√≠a","",27,11,16,NA,0,0,38,4,42,858,917,NA,NA
"360","04/05/2022","08:04",513627363619871,"Actualizaci√≥n de estado","",55,43,12,NA,0,1,41,2,44,1476,1523,NA,NA
"361","04/05/2022","13:04",513775400271734,"Actualizaci√≥n de estado","So there *is* a CEO of racism",153,42,111,NA,0,0,18,0,18,1718,1775,NA,NA
"362","04/06/2022","07:04",514217913560816,"Meme Symposium","",20,17,3,NA,0,1,11,2,14,884,929,NA,NA
"363","04/06/2022","09:04",514269796888961,"Actualizaci√≥n de estado","",167,117,50,NA,0,6,97,17,120,2282,2353,NA,NA
"364","04/06/2022","16:04",514442850204989,"Actualizaci√≥n de estado","",44,31,13,NA,0,0,17,1,18,1023,1084,NA,NA
"365","04/06/2022","20:04",514532210196053,"Actualizaci√≥n de estado","",93,32,61,NA,0,0,44,11,55,1728,1784,NA,NA
"366","04/07/2022","08:04",514850603497547,"Actualizaci√≥n de estado","",219,173,46,NA,0,3,85,9,97,2009,2092,NA,NA
"367","04/07/2022","18:04",515103656805575,"Actualizaci√≥n de estado","",246,168,78,NA,0,2,87,14,103,2240,2324,NA,NA
"368","04/09/2022","14:04",516298870019387,"Actualizaci√≥n de estado","",135,89,46,NA,0,2,86,7,95,1980,2082,NA,NA
"369","04/09/2022","19:04",516429540006320,"Actualizaci√≥n de estado","",144,129,15,NA,0,10,52,6,68,1187,1250,NA,NA
"370","04/10/2022","08:04",516787676637173,"Actualizaci√≥n de estado","",47,34,13,NA,0,0,27,1,28,1184,1228,NA,NA
"371","04/10/2022","11:04",516862596629681,"Actualizaci√≥n de estado","",248,178,70,NA,0,6,76,6,88,2363,2431,NA,1
"372","04/11/2022","09:04",517395189909755,"Actualizaci√≥n de estado","",153,92,61,NA,0,2,107,25,134,2344,2382,NA,NA
"373","04/11/2022","23:04",517748799874394,"Actualizaci√≥n de estado","",80,57,23,NA,0,0,51,10,61,1358,1384,NA,NA
"374","04/12/2022","12:04",518079759841298,"","OC",173,131,42,NA,0,0,120,17,137,4460,4524,NA,NA
"375","04/12/2022","15:04",518158526500088,"Paleontology CoprolitePosting: The TriassZucc Period","",48,30,18,NA,0,0,30,2,32,1402,1440,NA,NA
"376","04/12/2022","21:04",518296366486304,"Actualizaci√≥n de estado","",92,53,39,NA,0,0,92,15,107,1514,1570,NA,NA
"377","04/13/2022","09:04",518617443120863,"Actualizaci√≥n de estado","",31,16,15,NA,0,0,51,7,58,912,961,NA,NA
"378","04/13/2022","16:04",518782003104407,"Actualizaci√≥n de estado","I went to two universities. One was somewhat high-ranked and private. The other was all but a community college. Guess which one was more like this.",278,205,73,NA,0,5,54,3,62,1560,1596,NA,NA
"379","04/13/2022","19:04",518856193096988,"Actualizaci√≥n de estado","",45,32,13,NA,0,0,16,3,19,1189,1237,NA,NA
"380","04/14/2022","00:04",518972169752057,"Actualizaci√≥n de estado","",52,52,NA,NA,246,0,9,0,9,640,696,NA,NA
"381","04/14/2022","23:04",519570776358863,"Actualizaci√≥n de estado","No one named Jason has Buddha nature.
I will not elaborate.",30,22,8,NA,0,0,22,3,25,1343,1355,NA,NA
"382","04/15/2022","15:04",520001946315746,"Actualizaci√≥n de estado","",25,20,5,NA,0,0,17,0,17,898,934,NA,NA
"383","04/16/2022","09:04",520473069601967,"Actualizaci√≥n de estado","",87,64,23,NA,0,1,21,3,25,1000,1033,NA,NA
"384","04/16/2022","10:04",520508242931783,"Wild Green Memes for Ecological Fiends","",60,31,29,NA,0,0,38,5,43,1472,1528,NA,NA
"385","04/16/2022","10:04",520510996264841,"Actualizaci√≥n de estado","",97,45,52,NA,0,0,85,12,97,1575,1637,NA,NA
"386","04/16/2022","18:04",520688039580470,"","Grading freshmen essays got a gym bro acting strange...",16,12,4,NA,0,0,46,1,47,702,736,NA,NA
"387","04/17/2022","18:04",521382252844382,"Actualizaci√≥n de estado","Best Spanish artist. A certain overrated Malague√±o can piss off.

Bonus points if you know which of these was not technically painted by Goya.

Good song too.",57,57,NA,NA,195,3,18,0,21,733,767,NA,NA
"388","04/18/2022","11:04",521817339467540,"Actualizaci√≥n de estado","",27,14,13,NA,0,0,15,2,17,1053,1068,NA,NA
"389","04/18/2022","14:04",521890332793574,"Actualizaci√≥n de estado","",39,31,8,NA,0,0,25,1,26,1288,1319,NA,NA
"390","04/01/2022","20:04",511517463830861,"Actualizaci√≥n de estado","",204,117,87,NA,0,2,94,11,107,2113,2229,1,NA
"391","07/17/2022","23:07",581866983462575,"Actualizaci√≥n de estado","",259,259,NA,NA,590,1,49,0,50,1524,1585,NA,NA
"392","07/18/2022","17:07",582397963409477,"Actualizaci√≥n de estado","",129,85,44,NA,0,1,60,9,70,2036,2092,NA,NA
"393","07/18/2022","18:07",582411403408133,"There's Still Time: You Could Probably Get A PhD In...Something...","",34,5,NA,29,0,0,6,1,7,720,777,NA,NA
"394","07/19/2022","13:07",582952613354012,"Actualizaci√≥n de estado","",214,116,98,NA,0,1,66,9,76,2761,2798,NA,NA
"395","07/19/2022","19:07",583108923338381,"Macabre","",68,29,39,NA,0,0,33,9,42,1528,1591,NA,NA
"396","07/20/2022","10:07",583527779963162,"Actualizaci√≥n de estado","",71,71,NA,NA,349,3,26,0,29,1069,1114,NA,NA
"397","07/20/2022","21:07",583777379938202,"Michael Sugrue: Either Or","",36,19,NA,17,0,3,6,1,10,620,659,NA,NA
"398","07/21/2022","09:07",584088529907087,"Actualizaci√≥n de estado","",84,72,12,NA,0,1,43,7,51,1682,1690,NA,NA
"399","07/21/2022","11:07",584154689900471,"Meme Symposium","",152,100,52,NA,0,1,66,13,80,1608,1654,NA,NA
"400","07/21/2022","17:07",584308886551718,"Actualizaci√≥n de estado","",144,62,82,NA,0,1,52,8,61,2501,2543,NA,NA
"401","07/22/2022","11:07",584870139828926,"Actualizaci√≥n de estado","",60,42,18,NA,0,0,21,4,25,1225,1290,NA,NA
"402","07/23/2022","07:07",585378646444742,"Actualizaci√≥n de estado","",157,104,53,NA,0,0,32,6,38,2181,2185,NA,NA
"403","07/23/2022","17:07",585641433085130,"Actualizaci√≥n de estado","",105,57,48,NA,0,0,35,11,46,2038,2109,NA,NA
"404","07/23/2022","17:07",585641793085094,"","Drugs are safe, introspection and talking about your feelings isn't.

EDIT: We were thinking of the PORT (1998) guidelines, not the APA's.",678,593,85,NA,0,43,238,36,317,8097,8549,1,NA
"405","07/24/2022","09:07",586074896375117,"Actualizaci√≥n de estado","",131,78,53,NA,0,7,64,6,77,2282,2419,NA,NA
"406","07/24/2022","12:07",586152596367347,"Actualizaci√≥n de estado","",72,40,32,NA,0,0,27,6,33,1972,2023,NA,NA
"407","07/24/2022","12:07",586155846367022,"Actualizaci√≥n de estado","Martin Loser lol
*Faiths hard, works harder*",106,44,62,NA,0,0,23,5,28,2014,2078,NA,NA
"408","07/25/2022","09:07",586675039648436,"Fotos de la biograf√≠a","",125,46,79,NA,0,0,55,17,72,2273,2329,NA,1
"409","07/26/2022","12:07",587363959579544,"Actualizaci√≥n de estado","",229,189,40,NA,0,5,78,10,93,2641,2699,NA,NA
"410","07/26/2022","15:07",587435166239090,"","",654,573,81,NA,0,23,209,25,257,9755,10178,NA,NA
"411","07/27/2022","07:07",587828016199805,"Actualizaci√≥n de estado","",49,39,10,NA,0,1,13,2,16,1621,1678,NA,NA
"412","07/27/2022","18:07",588118189504121,"Actualizaci√≥n de estado","",119,52,67,NA,0,0,9,0,9,1693,1785,NA,NA
"413","07/28/2022","11:07",588598206122786,"","",87,32,55,NA,0,1,23,2,26,1877,1884,NA,NA
"414","07/30/2022","14:07",589921355990471,"Actualizaci√≥n de estado","",45,33,12,NA,0,0,12,4,16,1468,1486,NA,NA
"415","07/30/2022","17:07",589974392651834,"Actualizaci√≥n de estado","",187,161,26,NA,0,1,29,4,34,2049,2070,NA,NA
"416","07/31/2022","00:07",590149979300942,"Actualizaci√≥n de estado","",85,53,32,NA,0,1,50,9,60,2079,2079,NA,NA
"417","07/31/2022","11:07",590469989268941,"Actualizaci√≥n de estado","",23,23,NA,NA,0,0,1,1,2,967,1013,NA,NA
"418","07/31/2022","22:07",590723142576959,"","OC",1859,1367,492,NA,0,18,713,137,868,35053,36241,NA,NA
"419","08/01/2022","15:08",591178629198077,"","How many scoops of pre-workout does it take to get out of an existential crisis? 
3.5, but it'll be back in 6 hours.",30,30,NA,NA,0,3,17,2,22,1253,1311,NA,NA
"420","08/01/2022","20:08",591288342520439,"","third (best) critique meme",70,45,25,NA,0,1,38,10,49,2085,2187,NA,NA
"421","08/03/2022","09:08",592252232424050,"Actualizaci√≥n de estado","",245,178,67,NA,0,1,135,34,170,2447,2515,NA,NA
"422","08/03/2022","18:08",592465802402693,"Actualizaci√≥n de estado","",73,61,12,NA,0,1,35,3,39,1744,1804,NA,NA
"423","08/04/2022","20:08",593154492333824,"","Guys, it's important that you learn how to be a RATIONAL person through Cognitive CBT therapy.
O.C.",157,89,68,NA,0,8,72,18,98,3386,3629,NA,NA
"424","08/05/2022","13:08",593612235621383,"","Low effort meme expressing my minor enlightenment from meditation today.",59,53,6,NA,0,13,25,4,42,1684,1936,NA,NA
"425","08/07/2022","14:08",594968965485710,"Actualizaci√≥n de estado","",524,424,100,NA,0,4,78,9,91,3259,3418,NA,NA
"426","08/07/2022","15:08",594981232151150,"Actualizaci√≥n de estado","We've been looking for america for a while now. Let us know if anyone finds it okay?",82,58,24,NA,0,3,20,4,27,1360,1464,NA,NA
"427","08/08/2022","17:08",595725352076738,"Actualizaci√≥n de estado","",133,102,31,NA,0,4,113,17,134,2556,2703,NA,NA
"428","08/09/2022","09:08",596150882034185,"Actualizaci√≥n de estado","",416,184,232,NA,0,0,61,14,75,2942,3051,NA,NA
"429","08/10/2022","09:08",596785911970682,"Actualizaci√≥n de estado","",158,90,68,NA,0,3,26,6,35,2313,2418,NA,NA
"430","08/10/2022","10:08",596815968634343,"Actualizaci√≥n de estado","",116,97,19,NA,0,1,16,0,17,1240,1308,NA,NA
"431","08/10/2022","17:08",596965728619367,"Fotos de la biograf√≠a","I'm dying. I need Disco Elysium memes to live. Please",148,100,48,NA,0,1,22,2,25,1902,1971,NA,NA
"432","08/11/2022","12:08",597507705231836,"","",1726,1434,292,NA,0,73,610,67,750,17374,18485,NA,1
"433","08/11/2022","12:08",597511678564772,"Actualizaci√≥n de estado","",325,240,85,NA,0,3,124,15,142,2942,3091,NA,NA
"434","08/12/2022","13:08",598209895161617,"","Freudmin just finished his intro to social work final and can now return to the abyss",25,17,8,NA,0,0,27,4,31,1378,1476,NA,NA
"435","08/13/2022","10:08",598765578439382,"Actualizaci√≥n de estado","",103,53,50,NA,0,2,23,0,25,2155,2277,NA,NA
"436","08/14/2022","13:08",599518205030786,"Actualizaci√≥n de estado","",156,105,51,NA,0,1,59,11,71,2963,3056,NA,NA
"437","08/14/2022","16:08",599595448356395,"Actualizaci√≥n de estado","acSHUAlly, voting is the highest form of avant-garde nihilist performative meme art",81,49,31,1,0,0,47,9,56,1938,1999,NA,NA
"438","08/14/2022","22:08",599744401674833,"Actualizaci√≥n de estado","",138,79,59,NA,0,1,34,9,44,2477,2565,NA,NA
"439","08/15/2022","09:08",487625580032663,"Actualizaci√≥n de estado","You will get these hands my friend",284,162,122,NA,0,3,93,19,115,3504,3604,NA,NA
"440","08/16/2022","10:08",488331829962038,"Actualizaci√≥n de estado","",279,174,105,NA,0,3,67,10,80,2454,2595,NA,NA
"441","08/16/2022","11:08",488368283291726,"Actualizaci√≥n de estado","",67,67,NA,NA,0,0,18,1,19,1456,1525,NA,NA
"442","08/16/2022","16:08",488498576612030,"Asian Spiritual Shitposting (ASS)","",172,24,148,NA,0,0,26,5,31,1637,1725,NA,NA
"443","08/16/2022","20:08",488612553267299,"Actualizaci√≥n de estado","",142,53,89,NA,0,2,35,9,46,1723,1862,NA,NA
"444","08/16/2022","21:08",488626483265906,"","Sorry for the textwall. Source is Madness and Civilization, pp. 22-23.",278,81,197,NA,0,1,77,27,105,6610,6655,NA,NA
"445","08/17/2022","10:08",489059913222563,"Actualizaci√≥n de estado","Found in the Archives",708,294,414,NA,0,9,178,26,213,4090,4237,NA,NA
"446","08/17/2022","13:08",489137396548148,"","Alexa, play the faculty-scaring philosophy.",20879,11843,9036,NA,0,723,3701,538,4962,130003,136221,2,2
"447","08/18/2022","13:08",489895389805682,"Actualizaci√≥n de estado","",100,36,64,NA,0,0,28,3,31,1580,1657,NA,NA
"448","08/18/2022","16:08",489981333130421,"Actualizaci√≥n de estado","",482,147,335,NA,0,3,107,19,129,2734,2928,NA,NA
"449","08/19/2022","20:08",490845909710630,"Actualizaci√≥n de estado","",105,49,56,NA,0,0,23,3,26,1799,1883,NA,NA
"450","08/20/2022","21:08",491726876289200,"Actualizaci√≥n de estado","",98,38,60,NA,0,0,19,2,21,2063,2128,NA,NA
"451","08/22/2022","07:08",492661856195702,"Actualizaci√≥n de estado","",357,184,173,NA,0,10,137,21,168,3630,3796,NA,NA
"452","08/22/2022","09:08",492749732853581,"Actualizaci√≥n de estado","",496,228,267,1,0,6,38,3,47,3250,3303,NA,NA
"453","08/23/2022","11:08",493510712777483,"Actualizaci√≥n de estado","",65,42,23,NA,0,0,16,1,17,1200,1249,NA,NA
"454","08/24/2022","14:08",494341902694364,"Actualizaci√≥n de estado","Oh look three different pictures of me",216,101,115,NA,0,8,43,8,59,1910,2005,NA,NA
"455","08/24/2022","17:08",494426769352544,"Actualizaci√≥n de estado","",117,65,52,NA,0,1,70,13,84,2504,2569,NA,NA
"456","08/25/2022","05:08",494766315985256,"Actualizaci√≥n de estado","Lacan?",100,53,47,NA,0,0,24,5,29,1985,2044,NA,NA
"457","08/25/2022","22:08",495346382593916,"Actualizaci√≥n de estado","I'm still bitter about this. There is an alternate timeline where the zombie fad ended with an actually good adaptation of this book and is maybe remembered somewhat fondly. Instead it ended with a truly mediocre adaptation of the Walking Dead comics and is a joke of a genre.",952,393,559,NA,0,8,45,4,57,3279,3384,NA,NA
"458","08/26/2022","11:08",495795825882305,"Actualizaci√≥n de estado","",83,28,55,NA,0,0,30,3,33,1890,1951,NA,NA
"459","08/27/2022","14:08",496603325801555,"Actualizaci√≥n de estado","",319,174,145,NA,0,2,46,7,55,2414,2536,NA,NA
"460","08/28/2022","14:08",497404412388113,"Actualizaci√≥n de estado","Damn straight. Other admins need not comment.",1000,282,717,1,0,4,67,11,82,2980,3076,NA,NA
"461","08/30/2022","08:08",498711545590733,"Actualizaci√≥n de estado","",619,329,290,NA,0,5,180,21,206,4188,4298,1,1
"462","08/30/2022","12:08",498846978910523,"Actualizaci√≥n de estado","",140,69,71,NA,0,1,46,4,51,2304,2332,NA,NA
"463","08/30/2022","12:08",498851928910028,"Fotos de la biograf√≠a","",158,96,62,NA,0,1,59,12,72,2282,2320,NA,NA
"464","08/30/2022","18:08",499019548893266,"","Was with my grandma and she asked me ""Have you heard of Gen Z? What's that?"" 
I didn't really know what to say.",55,25,30,NA,0,1,45,9,55,1704,1736,NA,NA
"465","08/31/2022","12:08",499598868835334,"Actualizaci√≥n de estado","",75,33,42,NA,0,0,21,4,25,1948,2036,NA,NA
"466","08/31/2022","13:08",499659705495917,"Actualizaci√≥n de estado","How do you do fellow KINGS?",146,86,60,NA,0,1,34,2,37,1956,2013,NA,NA
"467","08/31/2022","18:08",499795438815677,"","Anti philosophy philosopher gang rise up",208,135,73,NA,0,10,125,14,149,3907,4087,1,NA
"468","09/01/2022","17:09",500543562074198,"Actualizaci√≥n de estado","",166,83,83,NA,0,1,44,9,54,2556,2575,NA,NA
"469","09/01/2022","18:09",500591008736120,"","Guys, I think I'm feeling Jews Ents. üò•",15,12,3,NA,0,0,14,2,16,990,1045,NA,NA
"470","09/02/2022","09:09",501083265353561,"Actualizaci√≥n de estado","",910,447,463,NA,0,18,186,22,226,4674,4836,NA,NA
"471","09/02/2022","12:09",501160338679187,"","OC. Enjoy responsibly",60,33,27,NA,0,6,25,4,35,1400,1476,NA,NA
"472","09/02/2022","14:09",501221212006433,"Actualizaci√≥n de estado","",247,126,117,4,0,0,109,30,139,2570,2696,NA,NA
"473","09/03/2022","06:09",501160768679144,"","M(O)re La(C)an memes",103,78,25,NA,0,3,44,7,54,1412,1469,NA,NA
"474","09/03/2022","20:09",502122288582992,"","Uncle Ted, known among mathematicians for his work on so called ""Kazynski Convergence,"" 
O.C.",117,85,32,NA,0,4,36,2,42,1907,1946,NA,NA
"475","09/04/2022","06:09",502436371884917,"","I was in the middle of taking a screenshot to make into a meme when this ad popped up and the meme literally made itself.
The 20-second flashbacks in Shadow of Mordor were literally a better adaptation than this.
OC",497,184,313,NA,0,8,13,0,21,2344,2498,NA,NA
"476","09/04/2022","09:09",502588171869737,"Actualizaci√≥n de estado","",60,60,NA,NA,0,1,39,5,45,1314,1365,NA,NA
"477","09/04/2022","10:09",502620451866509,"Actualizaci√≥n de estado","",65,29,32,4,0,1,12,0,13,1744,1797,NA,NA
"478","09/05/2022","05:09",503215178473703,"","OC",72,25,47,NA,0,1,55,13,69,2085,2164,NA,NA
"479","09/06/2022","18:09",504443811684173,"","Here's one for all you mathbros",144,77,67,NA,0,2,68,6,76,2645,2725,NA,NA
"480","09/07/2022","05:09",504775951650959,"","OC",58,25,33,NA,0,0,53,9,62,2376,2406,NA,NA
"481","09/07/2022","09:09",504992454962642,"Actualizaci√≥n de estado","",59,59,NA,NA,0,0,33,5,38,1860,1967,NA,NA
"482","09/08/2022","12:09",505901661538388,"","",857,451,406,NA,0,21,485,133,639,12465,13314,NA,NA
"483","09/09/2022","05:09",506467768148444,"","OC",1127,126,1001,NA,0,0,41,6,47,3329,3531,NA,NA
"484","09/09/2022","17:09",506913018103919,"","Jk jk... Unless?",85,20,65,NA,0,0,87,18,105,2507,2685,NA,NA
"485","09/10/2022","08:09",507495341379020,"","",60,18,42,NA,0,0,24,2,26,1744,1797,NA,NA
"486","09/10/2022","11:09",507618798033341,"","",230,135,95,NA,0,3,85,13,101,3041,3169,NA,NA
"487","09/10/2022","19:09",507846684677219,"Actualizaci√≥n de estado","",205,77,125,3,0,3,51,11,65,2584,2659,NA,NA
"488","09/11/2022","07:09",508238451304709,"","""Do the reading? No bro, I just think like, deep thoughts all the time instead""",630,231,399,NA,0,9,135,16,160,4332,4514,NA,NA
"489","09/11/2022","09:09",508327471295807,"Actualizaci√≥n de estado","",897,176,721,NA,0,2,38,8,48,3764,3876,NA,NA
"490","09/12/2022","08:09",509187207876500,"","No context O.C",301,163,138,NA,0,2,144,24,170,3028,3196,NA,NA
"491","09/12/2022","13:09",509380721190482,"","",666,277,389,NA,0,33,253,42,328,6587,6587,NA,NA
"492","09/13/2022","12:09",510225044439383,"Sigmund Freud's Dank Meme Stash 2: Daddy's Return","",164,63,101,NA,0,0,47,16,63,2450,2536,NA,NA
"493","09/14/2022","17:09",511211554340732,"Actualizaci√≥n de estado","",453,290,163,NA,0,3,139,15,157,3762,3762,1,NA
"494","09/17/2022","13:09",513637644098123,"Actualizaci√≥n de estado","",68,43,25,NA,0,0,21,2,23,1366,1371,NA,1
"495","09/19/2022","13:09",515350300593524,"Actualizaci√≥n de estado","",593,354,239,NA,0,5,94,12,111,4075,4120,1,NA
"496","09/19/2022","14:09",515397447255476,"","New Semester Got me like..",57,21,36,NA,0,1,48,16,65,1552,1613,NA,NA
"497","09/19/2022","19:09",515536483908239,"","",173,83,90,NA,0,7,81,8,96,2389,2517,NA,NA
"498","09/20/2022","05:09",515851507210070,"","",30,7,23,NA,0,0,32,5,37,1023,1078,NA,NA
"499","09/20/2022","15:09",516295670498987,"Actualizaci√≥n de estado","",108,42,66,NA,0,0,29,3,32,1995,2043,NA,NA
"500","09/21/2022","15:09",517207650407789,"Actualizaci√≥n de estado","",370,105,265,NA,0,3,55,15,73,2963,3047,NA,NA
"501","09/22/2022","11:09",517995016995719,"Actualizaci√≥n de estado","",234,69,165,NA,0,0,51,4,55,2497,2598,1,NA
"502","09/22/2022","11:09",518004340328120,"Actualizaci√≥n de estado","Very nice colorization",60,16,44,NA,0,0,12,2,14,1382,1454,NA,NA
"503","09/23/2022","16:09",519155146879706,"Actualizaci√≥n de estado","",444,79,365,NA,0,0,38,6,44,2255,2268,NA,NA
"504","09/24/2022","15:09",520034416791779,"Actualizaci√≥n de estado","",161,58,103,NA,0,1,23,3,27,1615,1672,NA,NA
"505","09/25/2022","15:09",520904586704762,"Sigmund Freud's Dank Meme Stash 2: Daddy's Return","",117,55,62,NA,0,1,40,3,44,2046,2082,NA,NA
"506","09/26/2022","15:09",521830356612185,"Actualizaci√≥n de estado","",1513,319,1194,NA,0,5,175,24,204,4891,4903,1,NA
"507","09/27/2022","15:09",522708376524383,"Kant‚Äôs Critical Shitposting","",73,49,24,NA,0,0,14,0,14,1358,1400,NA,NA
"508","09/28/2022","13:09",523565639771990,"Fotos subidas con el m√≥vil","",92,44,48,NA,0,2,35,5,42,1732,1742,NA,NA
"509","09/28/2022","14:09",523603856434835,"","I will not elaborate.",87,47,40,NA,0,7,65,9,81,1818,1936,NA,NA
"510","09/28/2022","20:09",523830236412197,"Actualizaci√≥n de estado","",322,173,149,NA,0,2,120,30,152,3595,3671,NA,NA
"511","09/29/2022","07:09",524238779704676,"","POV you are an individual with anxious attachment doing a theory of mind Test",24,14,10,NA,0,1,3,1,5,791,833,NA,1
"512","09/29/2022","08:09",524307329697821,"Actualizaci√≥n de estado","",55,39,16,NA,0,1,39,4,44,1307,1324,NA,NA
"513","09/29/2022","10:09",524396189688935,"Actualizaci√≥n de estado","",201,93,108,NA,0,0,36,6,42,2573,2573,NA,NA
"514","09/29/2022","19:09",524758199652734,"","",6085,987,5098,NA,0,37,772,251,1060,25120,25394,NA,NA
"515","09/30/2022","12:09",525464089582145,"Actualizaci√≥n de estado","",227,107,120,NA,0,1,62,6,69,2871,2937,NA,NA
"516","09/30/2022","16:09",525604306234790,"","Recently, some Japanese engineers decided to try putting googly eyes on self driving cars to see if it improved the way that they interacted with people.

An unintentional side-effect, the cars look anxious AF.",21,5,16,NA,0,0,16,3,19,977,1003,NA,NA
"517","09/30/2022","18:09",525664729562081,"Actualizaci√≥n de estado","",50,25,25,NA,0,1,19,8,28,1320,1334,NA,NA
"518","07/17/2022","15:07",581661953483078,"Actualizaci√≥n de estado","",79,52,27,NA,0,3,34,5,42,1148,1227,NA,NA
"519","07/01/2022","11:07",570886214560652,"","Ethics minors seething",208,189,19,NA,0,12,116,13,141,2976,3229,NA,NA
"520","07/01/2022","16:07",570983694550904,"","Master Chief's romantic attachment to Cortana is both Oedipal- because she was made to look like his surrogate mother, and incestuous, because Cortana is herself the 'Daughter' of Master Chief's 'Mother', and thus his sister.",49,49,NA,NA,0,6,17,5,28,1341,1404,NA,NA
"521","07/02/2022","18:07",571700577812549,"Actualizaci√≥n de estado","",143,88,55,NA,0,2,101,24,127,2577,2661,NA,NA
"522","07/03/2022","16:07",572338464415427,"Actualizaci√≥n de estado","",41,29,12,NA,0,0,26,4,30,1127,1182,NA,NA
"523","07/03/2022","20:07",572433724405901,"Actualizaci√≥n de estado","",82,38,44,NA,0,0,33,6,39,1547,1639,NA,NA
"524","07/04/2022","19:07",573022381013702,"Actualizaci√≥n de estado","Funk Valhalla",290,97,193,NA,0,2,15,3,20,2193,2320,NA,NA
"525","07/04/2022","19:07",573027467679860,"Actualizaci√≥n de estado","",115,78,37,NA,0,1,18,1,20,1468,1526,NA,NA
"526","07/05/2022","07:07",573382210977719,"Actualizaci√≥n de estado","",82,33,49,NA,0,0,14,1,15,1318,1346,NA,NA
"527","07/05/2022","14:07",573584180957522,"How to Gain Muscle Mass Even Though You Are Going to Die","",181,111,NA,70,0,17,115,21,153,1801,1937,NA,NA
"528","07/05/2022","15:07",573593034289970,"Slavoj ≈Ωi≈æek Dank Meme & Discussion Stash: The Phoenix","",65,65,NA,NA,217,1,11,0,12,645,682,NA,NA
"529","07/06/2022","15:07",574202507562356,"Actualizaci√≥n de estado","No, it's the Gemeinsamesdasein Spot, a metaphysical concept described in German philosophy, like Heidegger.",118,118,NA,NA,0,1,45,6,52,1512,1630,NA,NA
"530","07/06/2022","17:07",574255950890345,"Actualizaci√≥n de estado","They can't keep getting away with it",148,124,24,NA,0,1,41,11,53,2285,2393,NA,NA
"531","07/06/2022","23:07",574413434207930,"","'luv meat
'luv dairy
'ate vegetables

Simple as",46,35,11,NA,0,4,13,1,18,1074,1146,NA,NA
"532","07/07/2022","09:07",574744077508199,"Actualizaci√≥n de estado","",85,52,32,1,0,0,26,8,34,873,930,NA,NA
"533","07/07/2022","10:07",574777970838143,"Actualizaci√≥n de estado","",54,31,23,NA,0,0,42,8,50,1189,1257,NA,NA
"534","07/08/2022","11:07",575530807429526,"Actualizaci√≥n de estado","Here at Philosophical Gym Bro, we are both",222,185,37,NA,0,9,171,20,200,3197,3267,NA,NA
"535","07/08/2022","17:07",575685890747351,"Actualizaci√≥n de estado","",62,35,27,NA,0,0,46,5,51,1746,1871,NA,NA
"536","07/08/2022","22:07",575823167400290,"Actualizaci√≥n de estado","",26,17,9,NA,0,0,9,1,10,936,996,NA,NA
"537","07/09/2022","09:07",576179610697979,"Actualizaci√≥n de estado","",125,84,41,NA,0,0,44,8,52,2085,2166,NA,NA
"538","07/09/2022","09:07",576185624030711,"Actualizaci√≥n de estado","",126,105,21,NA,0,6,25,3,34,1923,2022,NA,2
"539","07/10/2022","11:07",576914807291126,"Actualizaci√≥n de estado","Uhh based",110,87,23,NA,0,3,54,5,62,2022,2126,NA,NA
"540","07/11/2022","14:07",577665847216022,"Actualizaci√≥n de estado","",87,46,41,NA,0,0,52,12,64,1799,1879,NA,NA
"541","07/11/2022","22:07",577880713861202,"Actualizaci√≥n de estado","",51,31,20,NA,0,0,14,0,14,1155,1245,NA,NA
"542","07/12/2022","22:07",578530283796245,"Fotos subidas con el m√≥vil","",31,18,13,NA,0,0,6,4,10,1086,1158,NA,NA
"543","07/12/2022","23:07",578580030457937,"Actualizaci√≥n de estado","",341,256,85,NA,0,6,214,39,259,3187,3341,NA,NA
"544","07/13/2022","08:07",578863013762972,"Meme Symposium","",261,134,127,NA,0,2,123,14,139,2405,2522,NA,NA
"545","07/14/2022","22:07",579856120330328,"Actualizaci√≥n de estado","",147,107,40,NA,0,1,66,21,88,2535,2703,NA,NA
"546","07/16/2022","11:07",580934813555792,"Tiamat's Tavern (Memes for D&D)","Reposting this classic",82,38,44,NA,0,0,39,14,53,1946,2047,NA,NA
"547","07/16/2022","12:07",580970826885524,"Actualizaci√≥n de estado","",61,40,21,NA,0,0,24,5,29,1657,1752,NA,NA
"548","07/16/2022","13:07",580987036883903,"Actualizaci√≥n de estado","Downward into the abyss dog",17,15,2,NA,0,2,7,1,10,814,858,NA,NA
"549","07/17/2022","11:07",581577790158161,"","OC",34,19,15,NA,0,0,20,3,23,1426,1486,NA,NA
"550","07/17/2022","14:07",581643190151621,"Actualizaci√≥n de estado","",67,50,17,NA,0,0,31,5,36,1770,1821,NA,NA
"551","07/01/2022","08:07",570785094570764,"Actualizaci√≥n de estado","",82,61,21,NA,0,1,6,0,7,1209,1267,NA,NA
"552","10/09/2022","14:10",534652701996617,"Actualizaci√≥n de estado","",149,70,79,NA,0,0,78,7,85,2027,2055,NA,NA
"553","10/09/2022","17:10",534781915317029,"Wild Green Memes for Ecological Fiends","",452,139,313,NA,0,3,74,9,86,2723,2841,NA,NA
"554","10/09/2022","21:10",534939345301286,"","",305,163,142,NA,0,16,169,22,207,4785,5025,1,NA
"555","10/09/2022","23:10",534996931962194,"","And I love them all.",291,181,110,NA,0,6,215,27,248,5426,5700,NA,NA
"556","10/10/2022","12:10",535522465242974,"Actualizaci√≥n de estado","Showing up to freshman classes as a supersenior",48,29,18,1,0,0,10,0,10,1378,1429,NA,NA
"557","10/10/2022","12:10",535541008574453,"Actualizaci√≥n de estado","",147,147,NA,NA,637,2,36,0,38,1221,1289,NA,NA
"558","10/10/2022","13:10",535557451906142,"","OC",312,199,113,NA,0,7,100,24,131,4340,4558,1,NA
"559","10/11/2022","23:10",536915308437023,"Actualizaci√≥n de estado","",91,91,NA,NA,258,1,11,0,12,728,757,NA,NA
"560","10/12/2022","05:10",537127938415760,"","Being into the Harry Potter MBTI is redundant because it is already proof of being a slushbrain Hufflepuff
OC",92,50,42,NA,0,1,5,0,6,1366,1411,NA,NA
"561","10/13/2022","01:10",537984841663403,"","Life and death are a single breath.
You breathe in,
Then you breathe out.",64,64,NA,NA,0,5,36,5,46,1880,1975,NA,NA
"562","10/13/2022","16:10",538653158263238,"Actualizaci√≥n de estado","",80,51,29,NA,0,0,17,2,19,1358,1411,NA,NA
"563","10/15/2022","14:10",540568738071680,"Actualizaci√≥n de estado","",368,133,229,6,0,1,94,17,112,3630,3821,NA,NA
"564","10/20/2022","09:10",544808414314379,"Actualizaci√≥n de estado","",324,172,152,NA,0,4,78,9,91,3187,3238,NA,NA
"565","10/20/2022","17:10",545076490954238,"Wild Green Memes for Ecological Fiends","",212,81,131,NA,0,0,92,17,109,1948,2018,NA,NA
"566","10/20/2022","19:10",545141644281056,"Actualizaci√≥n de estado","",259,129,127,3,0,7,65,8,80,2819,2863,NA,NA
"567","10/21/2022","16:10",545906324204588,"","",285,285,NA,NA,0,6,85,0,91,1902,1923,NA,NA
"568","10/21/2022","20:10",546017064193514,"Actualizaci√≥n de estado","",222,69,153,NA,0,0,60,14,74,2514,2566,NA,NA
"569","10/21/2022","20:10",546028350859052,"Sigmund Freud's Dank Meme Stash 2: Daddy's Return","",350,202,148,NA,0,1,82,10,93,2693,2731,NA,NA
"570","10/21/2022","20:10",546045404190680,"","OC",9804,3772,6032,NA,0,67,1998,298,2363,93755,95313,1,NA
"571","10/22/2022","11:10",546604777468076,"","OC",157,118,39,NA,0,1,43,3,47,2077,2136,NA,NA
"572","10/23/2022","17:10",547699394025281,"Actualizaci√≥n de estado","",521,165,350,6,0,3,147,26,176,3802,3906,NA,NA
"573","10/23/2022","17:10",547704190691468,"Actualizaci√≥n de estado","",310,139,171,NA,0,0,156,19,175,3381,3432,NA,NA
"574","10/24/2022","14:10",548506997277854,"","",257,103,154,NA,0,1,31,4,36,1830,1880,NA,NA
"575","10/26/2022","12:10",550339723761248,"","The two figures in the background represent his internal demons, mocking him for his ignorance.",14,4,10,NA,0,0,16,1,17,896,952,NA,NA
"576","10/26/2022","16:10",550481423747078,"Actualizaci√≥n de estado","",347,92,255,NA,0,1,43,3,47,1739,1752,NA,NA
"577","10/26/2022","22:10",550681253727095,"","OC. I believe this quote comes from Seminar 22...",492,307,185,NA,0,13,198,27,238,6333,6513,NA,NA
"578","10/27/2022","13:10",551306113664609,"Actualizaci√≥n de estado","",597,286,311,NA,0,12,334,69,415,4704,4839,1,NA
"579","10/27/2022","16:10",551433310318556,"","Semi-Autobiographical O.C.",3055,2042,1012,1,0,68,271,46,385,9424,9424,2,NA
"580","10/28/2022","05:10",551454290316458,"","OC",29,27,2,NA,0,1,15,1,17,329,347,NA,NA
"581","10/29/2022","05:10",551645086964045,"","Submitted by a fan",30,30,NA,NA,0,1,21,0,22,248,272,NA,NA
"582","10/30/2022","01:10",553542266774327,"Actualizaci√≥n de estado","",53,25,28,NA,0,0,26,3,29,2000,2000,NA,NA
"583","11/01/2022","12:11",555703539891533,"Actualizaci√≥n de estado","",70,29,41,NA,0,0,17,3,20,1842,1900,NA,NA
"584","11/01/2022","20:11",555941169867770,"Actualizaci√≥n de estado","",113,51,62,NA,0,0,53,9,62,1432,1444,NA,NA
"585","11/02/2022","05:11",556235843171636,"","OC",400,236,164,NA,0,14,176,23,213,4286,4286,NA,NA
"586","11/03/2022","05:11",557074019754485,"","Not pictured: Me complaining about automated chashiers literally everytime I go to the store
OC",56,41,15,NA,0,3,29,2,34,1290,1294,NA,NA
"587","11/04/2022","10:11",558237072971513,"","OC",813,515,298,NA,0,33,624,86,743,13176,14253,NA,NA
"588","11/04/2022","14:11",558362066292347,"Actualizaci√≥n de estado","",109,61,48,NA,0,3,59,4,66,1941,1952,NA,NA
"589","11/04/2022","18:11",558502129611674,"Actualizaci√≥n de estado","",209,80,116,13,0,1,24,3,28,2301,2354,NA,NA
"590","11/05/2022","04:11",558837479578139,"","OC",158,97,61,NA,0,3,66,14,83,2963,3014,NA,NA
"591","11/05/2022","15:11",559198469542040,"Actualizaci√≥n de estado","",223,102,121,NA,0,1,154,23,178,3240,3329,NA,NA
"592","11/05/2022","21:11",559375842857636,"Scientific Methodposting","I like that this is not even a bad playlist",639,123,516,NA,0,6,59,9,74,3391,3439,NA,NA
"593","11/05/2022","21:11",559384239523463,"Actualizaci√≥n de estado","",112,45,67,NA,0,0,43,5,48,1998,2031,NA,NA
"594","11/05/2022","22:11",559425749519312,"Fotos de la biograf√≠a","",41,20,21,NA,0,0,21,2,23,1011,1035,NA,NA
"595","11/05/2022","22:11",559430349518852,"","OC",5,4,1,NA,0,0,5,1,6,563,574,NA,NA
"596","11/06/2022","08:11",559801512815069,"","O.c. submitted by one of it coolest fans.",1580,277,1303,NA,0,16,249,33,298,8592,9001,NA,NA
"597","11/06/2022","14:11",560005526128001,"Actualizaci√≥n de estado","",99,42,56,1,0,0,31,12,43,1907,1985,NA,NA
"598","11/07/2022","04:11",560438816084672,"","OC",1169,97,1072,NA,0,2,124,11,137,6947,7169,NA,NA
"599","11/07/2022","11:11",560759996052554,"Actualizaci√≥n de estado","",112,112,NA,NA,485,1,25,0,26,1039,1055,NA,NA
"600","11/07/2022","18:11",560997412695479,"","Low-hanging Fruit O.C.",133,39,94,NA,0,4,167,25,196,5387,5398,NA,NA
"601","11/09/2022","05:11",562219965906557,"","OC",1460,218,1242,NA,0,3,46,6,55,3612,3670,NA,NA
"602","11/09/2022","17:11",562661965862357,"","",816,65,751,NA,0,0,83,11,94,3471,3602,NA,NA
"603","11/09/2022","17:11",562662769195610,"Actualizaci√≥n de estado","",165,69,96,NA,0,0,78,11,89,2896,3007,NA,NA
"604","11/09/2022","17:11",562663679195519,"Actualizaci√≥n de estado","",75,28,47,NA,0,0,23,3,26,1604,1649,NA,NA
"605","11/10/2022","18:11",563589055769648,"Actualizaci√≥n de estado","Bob Esponja a psyop to infect children with epicureanism?
It's more likely than you think.",149,104,45,NA,0,1,35,5,41,1430,1479,NA,NA
"606","11/10/2022","19:11",563622415766312,"","Could one of y'all carry this over to our neighbors in Hell/unknowable angels Facebook?",215,33,182,NA,0,2,17,3,22,1394,1468,NA,NA
"607","11/12/2022","18:11",565277645600789,"Actualizaci√≥n de estado","",71,32,39,NA,0,0,37,3,40,1772,1853,NA,NA
"608","11/14/2022","07:11",566570055471548,"Actualizaci√≥n de estado","",124,63,61,NA,0,2,55,9,66,2366,2449,NA,NA
"609","11/15/2022","16:11",567720698689817,"","OC",60,26,34,NA,0,6,72,7,85,2316,2375,NA,NA
"610","11/16/2022","05:11",568347671960453,"","OC",8,7,1,NA,0,1,7,2,10,929,972,NA,NA
"611","11/16/2022","13:11",568770615251492,"","Existence is weird",1524,745,779,NA,0,42,709,185,936,16926,17234,NA,1
"612","11/17/2022","13:11",569750105153543,"Actualizaci√≥n de estado","",276,199,77,NA,0,1,36,2,39,2322,2347,NA,NA
"613","11/17/2022","17:11",569868278475059,"Actualizaci√≥n de estado","Golden past goes brrrrrr",121,50,71,NA,0,1,60,2,63,2052,2082,NA,NA
"614","11/18/2022","23:11",571052638356623,"Actualizaci√≥n de estado","",65,44,21,NA,0,0,13,2,15,979,1024,NA,NA
"615","11/19/2022","12:11",571572984971255,"Actualizaci√≥n de estado","",102,102,NA,NA,597,0,37,0,37,1108,1133,NA,NA
"616","11/19/2022","13:11",571602254968328,"Actualizaci√≥n de estado","",27,15,12,NA,0,0,7,0,7,907,953,NA,1
"617","11/19/2022","17:11",571723728289514,"Actualizaci√≥n de estado","Me trying to teach zoomers philosophy",313,134,179,NA,0,0,66,12,78,2373,2379,NA,NA
"618","11/19/2022","21:11",571893741605846,"Actualizaci√≥n de estado","",162,162,NA,NA,439,1,34,0,35,1161,1193,NA,NA
"619","11/19/2022","22:11",571895931605627,"Actualizaci√≥n de estado","",16,11,5,NA,0,0,5,0,5,683,728,NA,NA
"620","11/21/2022","09:11",573116621483558,"Actualizaci√≥n de estado","",149,148,NA,1,433,0,49,0,49,1303,1371,NA,NA
"621","11/21/2022","22:11",573547931440427,"","OC",336,185,151,NA,0,7,101,14,122,2772,2869,NA,NA
"622","11/22/2022","11:11",574059824722571,"Actualizaci√≥n de estado","",38,38,NA,NA,264,0,6,0,6,682,719,NA,NA
"623","11/22/2022","15:11",574171324711421,"","OC",1160,256,904,NA,0,8,143,39,190,9758,10130,NA,NA
"624","11/22/2022","19:11",574296798032207,"","o.c.",147,99,48,NA,0,12,89,11,112,2761,2914,NA,NA
"625","11/23/2022","16:11",575056041289616,"Actualizaci√≥n de estado","",114,54,60,NA,0,0,89,16,105,1980,2019,NA,NA
"626","11/23/2022","21:11",575233657938521,"","INTJ stare. that look of pure analyzing coupled with a slight sardonic smile that makes people uneasy",4160,1530,2628,2,0,90,304,70,464,20198,20198,NA,NA
"627","11/24/2022","09:11",575730087888878,"","Lots of protein today actually",226,142,84,NA,0,0,69,1,70,2398,2461,NA,NA
"628","11/24/2022","09:11",575731927888694,"Actualizaci√≥n de estado","",145,145,NA,NA,572,1,26,0,27,1119,1172,NA,NA
"629","11/24/2022","22:11",576175001177720,"Actualizaci√≥n de estado","Just bee yourself",159,159,NA,NA,982,1,42,0,43,1779,1827,NA,NA
"630","11/27/2022","05:11",578059507655936,"","OC",768,521,247,NA,0,5,261,44,310,8468,9092,NA,NA
"631","11/28/2022","20:11",579351170860103,"Actualizaci√≥n de estado","",129,76,53,NA,0,5,12,0,17,1528,1570,NA,NA
"632","11/29/2022","04:11",579622990832921,"","OC",18,5,13,NA,0,0,12,3,15,1191,1235,NA,NA
"633","11/29/2022","13:11",579957470799473,"this is certainly a cryptid of some kind","Prayer is clown-to-clown communication",186,81,105,NA,0,3,73,16,92,2726,2755,NA,NA
"634","11/30/2022","15:11",580860224042531,"","O.C  from one of the Philosophical Gym Bro community.",441,302,139,NA,0,29,256,28,313,8575,8887,1,NA
"635","12/01/2022","00:12",581180850677135,"Actualizaci√≥n de estado","",350,164,186,NA,0,3,124,26,153,3329,3347,NA,NA
"636","12/01/2022","05:12",581355173993036,"","OC",30,4,26,NA,0,0,27,1,28,1262,1308,NA,NA
"637","12/01/2022","17:12",581811230614097,"David Goggins & Akira The Don - THE REAL MERRY FUCKING CHRISTMAS | Music Video | Meaningwave","https://www.youtube.com/watch?v=aFZ93aVQ6Qw
Merry December 1",4,NA,NA,4,0,0,2,0,2,444,487,NA,NA
"638","12/03/2022","05:12",583115040483716,"","OC",86,50,36,NA,0,2,73,21,96,3150,3312,NA,NA
"639","12/04/2022","09:12",584273003701253,"Actualizaci√≥n de estado","",124,65,59,NA,0,0,61,19,80,2243,2265,NA,NA
"640","12/04/2022","09:12",584327130362507,"Actualizaci√≥n de estado","",49,24,25,NA,0,0,26,6,32,1182,1224,NA,NA
"641","12/04/2022","14:12",584464350348785,"Actualizaci√≥n de estado","",357,143,207,7,0,3,109,26,138,3421,3421,NA,NA
"642","12/05/2022","08:12",585098316952055,"Actualizaci√≥n de estado","But the important question is- What are the Pickles macros?",55,55,NA,NA,260,0,6,0,6,620,682,NA,NA
"643","12/05/2022","22:12",585545140240706,"Actualizaci√≥n de estado","",160,159,NA,1,355,0,32,0,32,1173,1280,NA,NA
"644","12/06/2022","05:12",585775313551022,"","OC",18,5,13,NA,0,0,17,1,18,1100,1181,NA,NA
"645","12/06/2022","14:12",586229113505642,"Actualizaci√≥n de estado","All numbers should be in scientific notation. No exceptions.",17,6,11,NA,0,0,6,2,8,1066,1130,NA,NA
"646","12/07/2022","12:12",587055810089639,"Actualizaci√≥n de estado","",623,220,403,NA,0,2,73,4,79,3221,3416,NA,NA
"647","12/07/2022","20:12",587325640062656,"Actualizaci√≥n de estado","",402,195,207,NA,0,14,187,21,222,4120,4236,NA,NA
"648","12/08/2022","14:12",587995103329043,"Actualizaci√≥n de estado",">Implying public hangings weren't peak entertainment for the whole family",91,55,36,NA,0,1,39,4,44,1341,1405,NA,NA
"649","12/09/2022","05:12",588528296609057,"","OC",162,112,50,NA,0,4,65,8,77,2101,2186,NA,1
"650","12/09/2022","10:12",588766719918548,"Actualizaci√≥n de estado","",386,142,244,NA,0,2,80,17,99,3334,3435,NA,NA
"651","12/09/2022","10:12",588795176582369,"","Same, Japanese Space Jerry Seinfeld.
O.C.",119,74,45,NA,0,8,68,10,86,2071,2262,NA,NA
"652","12/11/2022","19:12",591045506357336,"","",576,314,262,NA,0,9,226,41,276,6539,6539,NA,1
"653","12/12/2022","08:12",591586282969925,"","",852,441,411,NA,0,18,429,78,525,11629,12046,NA,NA
"654","12/12/2022","17:12",591586959636524,"","",126,120,6,NA,0,4,60,12,76,2730,2908,NA,NA
"655","12/13/2022","05:12",592464976215389,"","Pic taken in the wild. Didn't even notice Silent Spring hanging out on the side until just now.
OC",10,5,5,NA,0,0,12,1,13,649,709,NA,NA
"656","12/13/2022","16:12",592969072831646,"Actualizaci√≥n de estado","",199,84,115,NA,0,0,23,0,23,2190,2265,NA,NA
"657","12/13/2022","20:12",593114986150388,"Entomemeology","Some people have no idea how to maintain a healthy ecosystem with keystone predators in their bathrooms.",107,63,44,NA,0,8,65,15,88,2487,2577,NA,NA
"658","12/14/2022","00:12",593230222805531,"Actualizaci√≥n de estado","",80,42,38,NA,0,1,33,9,43,1709,1762,NA,NA
"659","12/14/2022","09:12",593679746093912,"Actualizaci√≥n de estado","",252,139,113,NA,0,1,43,9,53,1930,2040,NA,NA
"660","12/14/2022","17:12",594004172728136,"","O.C.",85,30,55,NA,0,4,74,17,95,2507,2700,NA,NA
"661","12/15/2022","05:12",594428139352406,"","*laughs in cnidarian*
OC",9,2,7,NA,0,0,11,0,11,1189,1248,NA,NA
"662","12/16/2022","10:12",595692005892686,"","O.C",1522,896,626,NA,0,52,1014,216,1282,22609,23823,NA,NA
"663","12/17/2022","05:12",596338179161402,"","OC",1260,124,1136,NA,0,4,59,5,68,3982,4034,NA,1
"664","12/17/2022","15:12",596720689123151,"","",537,264,273,NA,0,32,350,49,431,7157,7666,NA,NA
"665","12/19/2022","06:12",598160858979134,"","semi autobiographical O.C.",55,17,38,NA,0,0,38,4,42,1526,1693,NA,NA
"666","12/20/2022","16:12",599491885512698,"Actualizaci√≥n de estado","",59,32,27,NA,0,0,26,2,28,689,735,NA,NA
"667","12/20/2022","16:12",599495932178960,"Actualizaci√≥n de estado","",89,49,40,NA,0,1,16,5,22,1552,1666,NA,NA
"668","12/20/2022","18:12",599555072173046,"Actualizaci√≥n de estado","",196,87,109,NA,0,0,49,9,58,2068,2127,NA,NA
"669","12/21/2022","11:12",600260152102538,"Actualizaci√≥n de estado","",149,91,58,NA,0,5,66,12,83,2518,2592,NA,NA
"670","12/21/2022","21:12",600649612063592,"","OC",1195,479,716,NA,0,29,429,69,527,11525,11823,NA,NA
"671","12/22/2022","15:12",601350301993523,"Actualizaci√≥n de estado","",116,71,45,NA,0,3,45,12,60,2074,2222,NA,NA
"672","12/23/2022","16:12",602324948562725,"","Autobiographical O.C.",110,80,30,NA,0,9,66,9,84,2811,3132,NA,NA
"673","12/23/2022","19:12",602421751886378,"Actualizaci√≥n de estado","",237,102,135,NA,0,7,151,34,192,3054,3182,NA,NA
"674","12/24/2022","09:12",602981411830412,"Actualizaci√≥n de estado","",64,38,26,NA,0,0,24,1,25,1604,1666,NA,NA
"675","12/27/2022","16:12",605738258221394,"Fotos de la biograf√≠a","",17,11,6,NA,0,0,3,0,3,1169,1257,NA,NA
"676","12/29/2022","10:12",607459558049264,"Actualizaci√≥n de estado","",242,77,165,NA,0,1,50,16,67,2831,2976,NA,NA
"677","12/29/2022","22:12",607792261349327,"Actualizaci√≥n de estado","The mood for my entire analytic philosophy class last semester",769,436,333,NA,0,17,217,26,260,5442,5470,NA,NA
"678","12/29/2022","23:12",607839664677920,"Actualizaci√≥n de estado","",57,40,17,NA,0,1,31,6,38,798,862,NA,NA
"679","10/09/2022","13:10",534635928664961,"Actualizaci√≥n de estado","Unironically sounds better than Ubik",119,46,73,NA,0,2,56,11,69,1943,1976,NA,NA
"680","10/03/2022","05:10",528034982658389,"","OC",99,36,63,NA,0,1,66,21,88,3173,3295,NA,NA
"681","10/03/2022","12:10",528476872614200,"","I will not elaborate.",54,14,40,NA,0,0,41,12,53,1789,1823,NA,NA
"682","10/03/2022","21:10",528809595914261,"Actualizaci√≥n de estado","",158,65,93,NA,0,0,56,13,69,2566,2665,NA,NA
"683","10/04/2022","14:10",529507872511100,"Actualizaci√≥n de estado","",221,120,101,NA,0,3,120,38,161,2707,2899,NA,NA
"684","10/04/2022","21:10",529781809150373,"","How I talk about my favorite raccoon/modern psychologist.",928,415,513,NA,0,9,225,33,267,7332,8507,NA,NA
"685","10/05/2022","08:10",530240519104502,"","Homies be tripping.",190,98,92,NA,0,7,84,9,100,3274,3418,NA,NA
"686","10/06/2022","22:10",531852795609941,"Actualizaci√≥n de estado","""When you're not working do they put you in a little box? Frens."" ""Frens""",133,35,98,NA,0,0,27,3,30,1333,1369,NA,NA
"687","10/07/2022","09:10",532399385555282,"","I'm terms of the Turing test- machines have become indistinguishable from sufficiently inauthentic and stupid people who say nonsense simply to have said something.",8,5,3,NA,0,0,11,1,12,728,740,NA,NA
"688","10/07/2022","21:10",532934972168390,"Actualizaci√≥n de estado","",104,64,40,NA,0,4,38,5,47,2132,2211,NA,NA
"689","10/07/2022","23:10",532976825497538,"Actualizaci√≥n de estado","",127,50,77,NA,0,1,56,10,67,1476,1491,NA,NA
"690","10/08/2022","15:10",533632465431974,"Actualizaci√≥n de estado","Fruedmin when he procrastinates staring into the abyss",131,63,68,NA,0,0,52,1,53,2196,2214,NA,NA
"691","10/09/2022","10:10",534507215344499,"","When Senpai notices you",1540,223,1317,NA,0,1,84,14,99,5188,5188,1,NA
"692","10/09/2022","10:10",534508568677697,"Actualizaci√≥n de estado","",89,65,24,NA,0,3,50,2,55,1959,2025,NA,NA
"693","10/01/2022","05:10",526032756191945,"","OC",29,18,11,NA,0,1,18,2,21,963,1011,NA,NA
